joseph1,Online Shopping
christopher2,Online Shopping
louis3,Online Shopping
david4,Online Shopping
brian5,Online Shopping
james6,Online Shopping
jeffrey7,Online Shopping
anthony8,Online Shopping
luke9,Online Shopping
jason10,Online Shopping
paul11,Online Shopping
phillip12,Online Shopping
jennifer13,Online Shopping
jaime14,Online Shopping
michael15,Online Shopping
andrew16,Taxi
sandra17,Taxi
shannon18,Taxi
alicia19,Taxi
brandon20,Taxi
joshua21,Taxi
joseph22,Taxi
emily23,Taxi
robert24,Taxi
jeremy25,Taxi
michael26,Taxi
gabrielle27,Taxi
paul28,Taxi
amber29,Taxi
courtney30,Taxi
shawn31,Taxi
craig32,Taxi
gina33,Taxi
emily34,Taxi
olivia35,Taxi
tony36,Taxi
taylor37,Taxi
christopher38,Taxi
sarah39,Taxi
tamara40,Taxi
carlos41,Taxi
cynthia42,Taxi
christopher43,Taxi
toni44,Taxi
jennifer45,Taxi
brandon46,Taxi
juan47,Taxi
patricia48,Taxi
alan49,Taxi
holly50,Taxi
elizabeth51,CricScore
terri52,CricScore
shawn53,CricScore
william54,CricScore
elizabeth55,CricScore
kimberly56,CricScore
brian57,CricScore
david58,CricScore
amanda59,CricScore
bryan60,CricScore
tami61,Online Shopping
lisa62,Online Shopping
kevin63,Online Shopping
matthew64,Online Shopping
wesley65,Online Shopping
brian66,Online Shopping
heidi67,Online Shopping
heather68,Online Shopping
madison69,Online Shopping
john70,Online Shopping
tami61,Taxi
lisa62,Taxi
kevin63,Taxi
matthew64,Taxi
wesley65,Taxi
brian66,Taxi
heidi67,Taxi
heather68,Taxi
madison69,Taxi
john70,Taxi
briana71,Online Shopping
tiffany72,Online Shopping
gabriel73,Online Shopping
jill74,Online Shopping
charlene75,Online Shopping
briana71,CricScore
tiffany72,CricScore
gabriel73,CricScore
jill74,CricScore
charlene75,CricScore
michelle76,Taxi
vanessa77,Taxi
eric78,Taxi
april79,Taxi
kenneth80,Taxi
wesley81,Taxi
brian82,Taxi
courtney83,Taxi
russell84,Taxi
katherine85,Taxi
kevin86,Taxi
michael87,Taxi
gerald88,Taxi
antonio89,Taxi
alexis90,Taxi
michelle76,CricScore
vanessa77,CricScore
eric78,CricScore
april79,CricScore
kenneth80,CricScore
wesley81,CricScore
brian82,CricScore
courtney83,CricScore
russell84,CricScore
katherine85,CricScore
kevin86,CricScore
michael87,CricScore
gerald88,CricScore
antonio89,CricScore
alexis90,CricScore
rachel91,Online Shopping
beverly92,Online Shopping
samantha93,Online Shopping
kimberly94,Online Shopping
james95,Online Shopping
ashley96,Online Shopping
matthew97,Online Shopping
manuel98,Online Shopping
kelsey99,Online Shopping
brandon100,Online Shopping
rachel91,Taxi
beverly92,Taxi
samantha93,Taxi
kimberly94,Taxi
james95,Taxi
ashley96,Taxi
matthew97,Taxi
manuel98,Taxi
kelsey99,Taxi
brandon100,Taxi
rachel91,CricScore
beverly92,CricScore
samantha93,CricScore
kimberly94,CricScore
james95,CricScore
ashley96,CricScore
matthew97,CricScore
manuel98,CricScore
kelsey99,CricScore
brandon100,CricScore
