justin1$$ justin1$$ Justin$$ Moreno$$ Carter, Smith and White$$ Belgium$$ justin1@gmail.com$$ 983-197-6114x95960$$ +1-941-626-1493x5912$$ justin1$$ http://z480GBaQ.KRY.com/i56c/?nl-tVS$$ 
oscar2$$ oscar2$$ Oscar$$ Mendez$$ Hudson, Sellers and Walter$$ Holy See (Vatican City State)$$ oscar2@gmail.com$$ +1-585-012-3146x76922$$ 149.003.7626$$ oscar2$$ http://1h0mcgn1H9.iQV.com/sbRX/?J$$ 
andrew3$$ andrew3$$ Andrew$$ Bright$$ Hoffman-Walker$$ Mauritania$$ andrew3@gmail.com$$ +1-994-724-4167x891$$ 033-183-2517x882$$ andrew3$$ http://Jue3CfE.qsX.com/_e/?Bdg$$ 
andrea4$$ andrea4$$ Andrea$$ Thomas$$ Gomez-Webster$$ Georgia$$ andrea4@gmail.com$$ 542-029-5271$$ 3182897687$$ andrea4$$ http://KHdyy7Vvg.Otm.com/MC/?HqzNMj9jor$$ 
kathryn5$$ kathryn5$$ Kathryn$$ Williams$$ Myers Group$$ Cape Verde$$ kathryn5@gmail.com$$ 800-539-6223$$ 855-875-1100x4886$$ kathryn5$$ http://7G.kia.com/b/?iM$$ 
gabriel6$$ gabriel6$$ Gabriel$$ Jenkins$$ Cooper-Novak$$ Holy See (Vatican City State)$$ gabriel6@gmail.com$$ 784-831-6575x152$$ 092-194-6512$$ gabriel6$$ http://OG.Tcq.com/KeqhnCyFO/?~SXpxVju7$$ 
tom7123$$ tom7123$$ Tom$$ Andersen$$ Chen-Rhodes$$ Greece$$ tom7@gmail.com$$ (760)236-0877$$ (765)962-8929$$ tom7$$ http://zLV.FbQ.com/iambuZd08/?0sYDgGqr$$ 
christopher8$$ christopher8$$ Christopher$$ Johnson$$ Howard, Duran and Anderson$$ Saudi Arabia$$ christopher8@gmail.com$$ 001-545-045-9073$$ (312)403-0955x342$$ christopher8$$ http://6aA6RcYw.CkX.com/Z6wlin/?_R99$$ 
megan9$$ megan9$$ Megan$$ Smith$$ Hester-Taylor$$ Israel$$ megan9@gmail.com$$ +1-852-690-8902x792$$ 9052275128$$ megan9$$ http://wP.BpW.com/6Lbr6cW/?qB$$ 
cassandra10$$ cassandra10$$ Cassandra$$ Norris$$ Waters-Knight$$ Saint Martin$$ cassandra10@gmail.com$$ 5081577383$$ 511.356.1039$$ cassandra10$$ http://EY.sQl.com/cdW4BfyiUV/?9NNt$$ 
mark11$$ mark11$$ Mark$$ Mendez$$ Smith and Sons$$ United States Minor Outlying Islands$$ mark11@gmail.com$$ 962-086-1615$$ 563-705-7716x4255$$ mark11$$ http://b8.ajM.com/bNKUOYg/?60G$$ 
thomas12$$ thomas12$$ Thomas$$ Rush$$ Walsh-Freeman$$ Zimbabwe$$ thomas12@gmail.com$$ +1-087-031-5253$$ 524.288.9213$$ thomas12$$ http://hiL.Zyd.com/aGAIy3lCK/?yP4$$ 
edwin13$$ edwin13$$ Edwin$$ Sims$$ Baker, Allen and Greene$$ Oman$$ edwin13@gmail.com$$ (359)919-9251x021$$ 167-274-8530$$ edwin13$$ http://UQrSGll2.iHJ.com/4G9WT/?ib0tqe$$ 
amanda14$$ amanda14$$ Amanda$$ Singleton$$ Smith Ltd$$ Hong Kong$$ amanda14@gmail.com$$ 145.490.7966x392$$ +1-975-133-8381x14940$$ amanda14$$ http://T.TkP.com/21/?yBnn$$ 
jessica15$$ jessica15$$ Jessica$$ White$$ Cantu, Smith and Hayes$$ Sierra Leone$$ jessica15@gmail.com$$ 055-038-1828x7218$$ (501)939-4978x83074$$ jessica15$$ http://m-.lUR.com/H/?O6pA3_mh$$ 
jimmy16$$ jimmy16$$ Jimmy$$ Velez$$ Alvarez-Decker$$ Benin$$ jimmy16@gmail.com$$ (592)253-2204$$ 001-674-479-1118x45700$$ jimmy16$$ http://PwJwXLymJ.PBU.com/WzQ.x_Exvt/?3o$$ 
cynthia17$$ cynthia17$$ Cynthia$$ Davis$$ Beard, Fleming and Morales$$ New Caledonia$$ cynthia17@gmail.com$$ 001-513-574-3948x653$$ 001-665-122-0523x1313$$ cynthia17$$ http://Ob.btQ.com/7/?HXTk$$ 
amanda18$$ amanda18$$ Amanda$$ Davis$$ Bryant-Jones$$ Sao Tome and Principe$$ amanda18@gmail.com$$ (915)114-1169x117$$ 675-441-5730$$ amanda18$$ http://d7.AkL.com/kPd./?odFoFdJ3Cs$$ 
brittany19$$ brittany19$$ Brittany$$ Ramsey$$ Singh, Wilson and Romero$$ Slovakia (Slovak Republic)$$ brittany19@gmail.com$$ 719-181-1737x72554$$ 750-515-4355$$ brittany19$$ http://yVc.heR.com/5/?Omu$$ 
kristen20$$ kristen20$$ Kristen$$ Johnson$$ Davis, Ferguson and Russell$$ Kazakhstan$$ kristen20@gmail.com$$ (907)435-0867$$ 929-745-0867x54296$$ kristen20$$ http://fS9rwZhV4.DKA.com/OJ0f3NzWE/?yY$$ 
brianna21$$ brianna21$$ Brianna$$ Lewis$$ Ashley, Gonzalez and Tapia$$ Portugal$$ brianna21@gmail.com$$ (274)848-8774x80188$$ (669)997-7152$$ brianna21$$ http://PbIDs.sYw.com/EE7/?NNEpB~vLu$$ 
lucas22$$ lucas22$$ Lucas$$ Perez$$ Glenn, Huang and Vargas$$ Heard Island and McDonald Islands$$ lucas22@gmail.com$$ +1-255-389-1537x43260$$ 320.141.0488x88378$$ lucas22$$ http://HE6A.Ehr.com/GW/?Z$$ 
angela23$$ angela23$$ Angela$$ Stewart$$ Bryan, Johnston and Frank$$ Malawi$$ angela23@gmail.com$$ 426.995.6772x742$$ 050.282.0889x44005$$ angela23$$ http://p.LHW.com/VMahJ/?2UkICa3$$ 
michael24$$ michael24$$ Michael$$ Jackson$$ Anderson Ltd$$ Turkmenistan$$ michael24@gmail.com$$ (748)843-3586$$ 169-365-3750x963$$ michael24$$ http://hddVP.XGw.com/QJKWqiJ_1/?aeI$$ 
brittney25$$ brittney25$$ Brittney$$ Martinez$$ Hurst-Walton$$ Nigeria$$ brittney25@gmail.com$$ (398)272-2336x0550$$ 275.068.6398$$ brittney25$$ http://JSO.Xax.com/T/?L$$ 
nancy26$$ nancy26$$ Nancy$$ Hardy$$ Cantrell and Sons$$ Bahrain$$ nancy26@gmail.com$$ 962-049-1850x1073$$ +1-139-304-1117x2484$$ nancy26$$ http://tpK-NnX.TLI.com/P/?0L$$ 
james27$$ james27$$ James$$ Greene$$ Allison Ltd$$ Dominican Republic$$ james27@gmail.com$$ 870-060-1472x86420$$ 219-806-6335$$ james27$$ http://yL.xFg.com/Kr/?sw00$$ 
jason28$$ jason28$$ Jason$$ Dorsey$$ Smith LLC$$ Antarctica (the territory South of 60 deg S)$$ jason28@gmail.com$$ 001-667-892-5658$$ 243-245-3556$$ jason28$$ http://TiXUR.Dcz.com/iwq/?.yKdJ$$ 
scott29$$ scott29$$ Scott$$ Woods$$ Cook Inc$$ Palau$$ scott29@gmail.com$$ 001-059-290-3457$$ 001-616-987-3363x95848$$ scott29$$ http://w.Sep.com/7N.0wQ/?~ZCgj~lT$$ 
elizabeth30$$ elizabeth30$$ Elizabeth$$ Calderon$$ Carlson, Baker and Cox$$ Mauritius$$ elizabeth30@gmail.com$$ +1-266-652-3271x7689$$ (408)872-1973x35729$$ elizabeth30$$ http://Eg3oZC.GZO.com/G3V3XqQMZ/?OeQQ_kESlW$$ 
carl31$$ carl31$$ Carl$$ White$$ Jones Inc$$ Singapore$$ carl31@gmail.com$$ +1-794-935-5366x630$$ +1-499-549-4778$$ carl31$$ http://MrgK.QKY.com/O-KFsKmSM/?u$$ 
julie32$$ julie32$$ Julie$$ Brown$$ Mccann, Salas and Meyer$$ Aruba$$ julie32@gmail.com$$ (341)478-7989$$ 597-925-4614x14267$$ julie32$$ http://a-CWAFqNkC.LxH.com/UoJmv2RVft/?F2b-9mSG$$ 
patricia33$$ patricia33$$ Patricia$$ Martin$$ Taylor Group$$ Burkina Faso$$ patricia33@gmail.com$$ 816.186.3884$$ 618-762-9869x44975$$ patricia33$$ http://IW.nVJ.com/qweCJC4Ph/?bdsBCeL6$$ 
john34$$ john34$$ John$$ Moore$$ Marsh-Bailey$$ Norway$$ john34@gmail.com$$ 936.494.6625$$ (459)040-0857$$ john34$$ http://tVfidmHOsg.CCf.com/2aB/?UTSK$$ 
david35$$ david35$$ David$$ Mcdonald$$ Lawrence-Norman$$ Guinea$$ david35@gmail.com$$ 001-482-310-7099x7994$$ +1-310-912-2507x86711$$ david35$$ http://B0XIgs9.UXR.com/5RQzN~1uun/?HI$$ 
brittany36$$ brittany36$$ Brittany$$ Russell$$ Gardner Ltd$$ Libyan Arab Jamahiriya$$ brittany36@gmail.com$$ 001-909-427-1751x1166$$ 369-813-5194$$ brittany36$$ http://DZOuY90ne.UNb.com/ZBIT1/?.mQMgLEh$$ 
michelle37$$ michelle37$$ Michelle$$ Moore$$ Wright, Williams and Sanchez$$ Finland$$ michelle37@gmail.com$$ 001-842-634-8909$$ (299)155-4319x612$$ michelle37$$ http://Wb.Cul.com/Bejoc9Jlj/?80jkFF$$ 
christopher38$$ christopher38$$ Christopher$$ Evans$$ Harris, Nichols and Kent$$ Serbia$$ christopher38@gmail.com$$ 297.013.6798$$ 001-868-251-1138x55299$$ christopher38$$ http://lIRtL.oNK.com/idN--O0/?8$$ 
nicole39$$ nicole39$$ Nicole$$ Fleming$$ Mckee, Richardson and Smith$$ Singapore$$ nicole39@gmail.com$$ 940-700-0237x7007$$ 620-354-9301x8478$$ nicole39$$ http://B7bhR.Ehf.com/ZtP/?SrDxTrU$$ 
juan40$$ juan40$$ Juan$$ Valentine$$ Miller, Ortiz and Reynolds$$ Nepal$$ juan40@gmail.com$$ +1-039-005-0687$$ 853-641-5065x38678$$ juan40$$ http://Pl0g5wJSL.Rhc.com/725_/?KFY$$ 
alexander41$$ alexander41$$ Alexander$$ Sanchez$$ Valdez-Jimenez$$ Ecuador$$ alexander41@gmail.com$$ 001-134-628-1197x352$$ 239.990.6361x9842$$ alexander41$$ http://M.XWq.com/CxM3o8/?0RndCg$$ 
shawn42$$ shawn42$$ Shawn$$ Adams$$ Anderson-Sanchez$$ South Africa$$ shawn42@gmail.com$$ 619.736.2748$$ (482)053-0783x5441$$ shawn42$$ http://IJ3fhnB7z.lqk.com/wPW5_vv~XM/?b8e$$ 
sean43$$ sean43$$ Sean$$ Davis$$ Patterson Ltd$$ United States of America$$ sean43@gmail.com$$ (465)622-9434x2742$$ (149)578-3505$$ sean43$$ http://kdVlpAw.myb.com/wg~bdD_Fr/?Qnck2QnmQy$$ 
kevin44$$ kevin44$$ Kevin$$ Hernandez$$ Zavala PLC$$ Grenada$$ kevin44@gmail.com$$ 001-854-420-0187x890$$ 256.892.1487x49478$$ kevin44$$ http://OeTxm.imn.com/SfW0u1/?GzP..VU$$ 
joshua45$$ joshua45$$ Joshua$$ Romero$$ Wright, Hamilton and Wilson$$ Afghanistan$$ joshua45@gmail.com$$ 318-446-8904$$ (535)238-5437x224$$ joshua45$$ http://50.tXp.com/wozJ/?f~$$ 
steven46$$ steven46$$ Steven$$ Castillo$$ Wood, Miller and Johnson$$ Saint Helena$$ steven46@gmail.com$$ 001-783-626-0040x6075$$ 481.779.2786x32402$$ steven46$$ http://pMHqLNDBaQ.bml.com/3o.1gYcicM/?8$$ 
thomas47$$ thomas47$$ Thomas$$ Rivera$$ Hahn, Taylor and Hodges$$ Libyan Arab Jamahiriya$$ thomas47@gmail.com$$ 001-203-829-4107x370$$ 133-777-1344$$ thomas47$$ http://5jd7hqD1.IhF.com/OPXLBkjVE/?I21HvuN$$ 
michael48$$ michael48$$ Michael$$ Pugh$$ White, Miller and Hudson$$ Saint Barthelemy$$ michael48@gmail.com$$ 857.149.6512$$ 997.745.3607x536$$ michael48$$ http://mBwgLIbEog.srA.com/WIJ4/?7$$ 
alexis49$$ alexis49$$ Alexis$$ Jimenez$$ Jones, Wilson and Thompson$$ Comoros$$ alexis49@gmail.com$$ 1011637836$$ 8469496020$$ alexis49$$ http://xVmd.vZu.com/y.iurBQQp/?7A--$$ 
emily50$$ emily50$$ Emily$$ Rubio$$ Contreras and Sons$$ Argentina$$ emily50@gmail.com$$ 211.550.7894$$ 7520408144$$ emily50$$ http://QjYrTfr0.PdQ.com/DnA7-50Z/?7x6$$ 
judy51$$ judy51$$ Judy$$ Andrews$$ Murphy, Morales and Mcdaniel$$ Taiwan$$ judy51@gmail.com$$ 124.000.6169$$ (296)848-5451x593$$ judy51$$ http://bfn6.BAJ.com/dh0SSXt/?F95$$ 
jessica52$$ jessica52$$ Jessica$$ Weaver$$ Rodriguez, Brewer and Adkins$$ Mauritius$$ jessica52@gmail.com$$ +1-720-087-2860x75061$$ 2669859950$$ jessica52$$ http://ebJvO-7m.BZh.com/t6cpxlJ8/?fluu5_Vg8$$ 
alyssa53$$ alyssa53$$ Alyssa$$ Weaver$$ Gross Group$$ Guatemala$$ alyssa53@gmail.com$$ +1-923-676-2125$$ 001-705-987-4464x67528$$ alyssa53$$ http://uNcwq-AXC.uTK.com/VsVaev/?WzF$$ 
paul54$$ paul54$$ Paul$$ Ramirez$$ Stewart, Erickson and Decker$$ Lao People's Democratic Republic$$ paul54@gmail.com$$ +1-310-511-7114x383$$ 264-399-2686x04951$$ paul54$$ http://Kub3XXtF.hXs.com/0p/?K9n3Ux7$$ 
matthew55$$ matthew55$$ Matthew$$ Myers$$ Miller and Sons$$ Brazil$$ matthew55@gmail.com$$ 296-065-7257$$ (533)883-8851x948$$ matthew55$$ http://KFsHve.OLc.com/YS/?ZpmYI1nAC$$ 
melissa56$$ melissa56$$ Melissa$$ Parker$$ Williams and Sons$$ Peru$$ melissa56@gmail.com$$ 771.041.7437x16362$$ 391.038.8502x8154$$ melissa56$$ http://LG1g69HyGK.XJQ.com/nJ0z~C7vA/?.2X-Ey0odW$$ 
brandi57$$ brandi57$$ Brandi$$ Watts$$ Schmidt Group$$ Tanzania$$ brandi57@gmail.com$$ 800.767.9631x09842$$ 698.121.3917$$ brandi57$$ http://It.kHO.com/Z3R47Y9WOv/?VAXaNfBQPw$$ 
traci58$$ traci58$$ Traci$$ Kidd$$ Sullivan-Bean$$ Yemen$$ traci58@gmail.com$$ 364.730.5208x149$$ 001-197-215-1437x123$$ traci58$$ http://V3kZW88.zyr.com/Xhi6/?Ofc$$ 
matthew59$$ matthew59$$ Matthew$$ Taylor$$ Jones-Alvarez$$ Uganda$$ matthew59@gmail.com$$ 042-215-0577x926$$ 001-005-036-8884x0853$$ matthew59$$ http://T.CPM.com/T79YfImp/?TwElie$$ 
zachary60$$ zachary60$$ Zachary$$ Keller$$ Mcclure-Price$$ Poland$$ zachary60@gmail.com$$ (452)397-7497x2121$$ 122-824-1758$$ zachary60$$ http://AHSuiT.EQL.com/O0H/?htLf$$ 
jonathan61$$ jonathan61$$ Jonathan$$ Smith$$ Alvarado-Ray$$ Lithuania$$ jonathan61@gmail.com$$ 558.762.2537x10122$$ 694-989-3566$$ jonathan61$$ http://4Kz.XAD.com/DmCGwn0v6/?GH_ekL$$ 
gloria62$$ gloria62$$ Gloria$$ Anderson$$ Rhodes LLC$$ Argentina$$ gloria62@gmail.com$$ (432)585-9064x34633$$ (960)106-6854$$ gloria62$$ http://DGgoUdn.ijN.com/9.SI/?K~.V6a$$ 
charles63$$ charles63$$ Charles$$ Snow$$ Carlson-Washington$$ Saint Vincent and the Grenadines$$ charles63@gmail.com$$ 999.054.8409$$ 001-365-812-4937x396$$ charles63$$ http://4f.OoI.com/xaSOle/?pSsCH3Tk$$ 
katherine64$$ katherine64$$ Katherine$$ Reeves$$ Wright-Nelson$$ Iceland$$ katherine64@gmail.com$$ 029-746-1021$$ 001-711-987-5918x75452$$ katherine64$$ http://a.FTY.com/PXdqZ1/?kRzC$$ 
brian65$$ brian65$$ Brian$$ Ingram$$ Sanchez, Schroeder and Trujillo$$ Lebanon$$ brian65@gmail.com$$ 368-201-3972x126$$ 727.008.7906$$ brian65$$ http://tVuryODG.PCr.com/rJk16/?.Nb83MwOP$$ 
matthew66$$ matthew66$$ Matthew$$ Stark$$ Heath, Armstrong and Chase$$ Greece$$ matthew66@gmail.com$$ +1-862-786-4953x04953$$ (732)915-4967x07579$$ matthew66$$ http://kXXnU.FWs.com/pA~Y7RCs/?Jo3w84A$$ 
jeff67$$ jeff67$$ Jeff$$ Taylor$$ Moreno, Jensen and Calhoun$$ Rwanda$$ jeff67@gmail.com$$ 427.168.1372x6756$$ 001-069-665-2423x034$$ jeff67$$ http://T.BiW.com/aR~/?dJJTOp-aO$$ 
lynn68$$ lynn68$$ Lynn$$ White$$ Johnson PLC$$ Mauritania$$ lynn68@gmail.com$$ +1-627-674-2519x119$$ 001-155-268-4279x69037$$ lynn68$$ http://K.OYf.com/Tq4rPOS/?IB$$ 
ryan69$$ ryan69$$ Ryan$$ Flores$$ Lucas, Ramos and Smith$$ Bangladesh$$ ryan69@gmail.com$$ +1-507-871-9953$$ +1-257-239-2833x46544$$ ryan69$$ http://jxBZspOl.VCt.com/aTHNpDpI/?9C4~qQsB$$ 
shannon70$$ shannon70$$ Shannon$$ Romero$$ Morrison Group$$ Liechtenstein$$ shannon70@gmail.com$$ 2047994616$$ 001-937-597-1056$$ shannon70$$ http://tp5p.lYh.com/8h3ca/?yS$$ 
logan71$$ logan71$$ Logan$$ Stewart$$ Daniel-Valenzuela$$ Comoros$$ logan71@gmail.com$$ +1-919-129-7289x51862$$ 500.197.0214x148$$ logan71$$ http://RS.COJ.com/0.NNmk/?K95.$$ 
laura72$$ laura72$$ Laura$$ Lester$$ Williams, Murray and Lewis$$ India$$ laura72@gmail.com$$ 001-029-243-3708x6733$$ 077.695.9192x986$$ laura72$$ http://12OMF3Z.nuU.com/P~FwKl/?YTbpa02wW5$$ 
jennifer73$$ jennifer73$$ Jennifer$$ Gonzalez$$ Trevino-Moreno$$ Madagascar$$ jennifer73@gmail.com$$ (829)203-3967x73258$$ 001-039-538-9587x967$$ jennifer73$$ http://l.WmK.com/wSXS4n2/?rY06~n8py$$ 
matthew74$$ matthew74$$ Matthew$$ Gaines$$ Dennis, Delgado and Roberts$$ Syrian Arab Republic$$ matthew74@gmail.com$$ 769-127-7079x9463$$ +1-317-044-5240x152$$ matthew74$$ http://6MJ.nRJ.com/6/?.L$$ 
tara75$$ tara75$$ Tara$$ Williams$$ Jones-Pearson$$ Falkland Islands (Malvinas)$$ tara75@gmail.com$$ (782)535-0111x96884$$ +1-147-719-2779x229$$ tara75$$ http://Tc.Yui.com/G.F/?IVe$$ 
tonya76$$ tonya76$$ Tonya$$ Martinez$$ Nicholson-Bell$$ Namibia$$ tonya76@gmail.com$$ 001-913-706-1613x312$$ 151.750.6998x244$$ tonya76$$ http://2.WUQ.com/I~JQuXoAz/?98f_jPowhC$$ 
steven77$$ steven77$$ Steven$$ Mueller$$ Nichols-Berry$$ Mongolia$$ steven77@gmail.com$$ 422-092-7555x25585$$ 4404152566$$ steven77$$ http://TsNsE.Wvn.com/tOigooo/?kKXrOTx4s$$ 
zachary78$$ zachary78$$ Zachary$$ Dodson$$ Rodriguez Group$$ Mongolia$$ zachary78@gmail.com$$ 4633960498$$ (363)350-6946$$ zachary78$$ http://h97Ce.IJh.com/KsJrZQOt/?n3nmN$$ 
james79$$ james79$$ James$$ Russell$$ Rodgers-Spencer$$ Cuba$$ james79@gmail.com$$ 001-348-412-6168$$ (365)632-3892x38381$$ james79$$ http://qvqBjYrPL.ZXe.com/oXqM/?lSpuE4$$ 
robert80$$ robert80$$ Robert$$ Brady$$ Payne, Hawkins and Levine$$ Italy$$ robert80@gmail.com$$ 014-247-7390$$ +1-734-977-2880$$ robert80$$ http://mf.blP.com/LPoPy/?mP$$ 
corey81$$ corey81$$ Corey$$ Wallace$$ White LLC$$ Maldives$$ corey81@gmail.com$$ 454-839-6211x2081$$ 073.280.3605x94896$$ corey81$$ http://ILJdcv.hjF.com/i.Vjd/?Z$$ 
jessica82$$ jessica82$$ Jessica$$ Jones$$ Phillips, Hernandez and Hanna$$ Niue$$ jessica82@gmail.com$$ 244.854.9783x2701$$ 2648445352$$ jessica82$$ http://YQ6mG1.EJU.com/huNVF0onp/?Bhqy$$ 
darren83$$ darren83$$ Darren$$ Thomas$$ Robertson Ltd$$ Timor-Leste$$ darren83@gmail.com$$ 001-315-032-0424$$ 001-040-784-8605$$ darren83$$ http://wS2k.jiO.com/Lm-ykkyZ/?_x$$ 
meredith84$$ meredith84$$ Meredith$$ Johnson$$ Johnson, Mcpherson and Walker$$ Austria$$ meredith84@gmail.com$$ 001-303-145-1055x0327$$ +1-923-672-4993$$ meredith84$$ http://6BB.POa.com/bs/?prB$$ 
karen85$$ karen85$$ Karen$$ Flynn$$ Long-Morton$$ Algeria$$ karen85@gmail.com$$ +1-812-542-3528x75189$$ 688.692.5037$$ karen85$$ http://Ik03TPta.RCV.com/EV/?NVrsdcl$$ 
sean86$$ sean86$$ Sean$$ Rose$$ Conner Group$$ Netherlands$$ sean86@gmail.com$$ 9624571637$$ 929.056.1242$$ sean86$$ http://RlsbFY6b1u.AEe.com/r0Z/?hQkVqA$$ 
frank87$$ frank87$$ Frank$$ Brown$$ Wells PLC$$ Cameroon$$ frank87@gmail.com$$ 001-378-949-8389x3175$$ (642)555-4528x187$$ frank87$$ http://P.IZA.com/L7ZOY/?xowx-$$ 
amy88$$ amy88$$ Amy$$ Pierce$$ Burns, Lester and Erickson$$ United States Minor Outlying Islands$$ amy88@gmail.com$$ +1-908-818-8280x21071$$ 896-260-4587x88555$$ amy88$$ http://0QGcDR.ugQ.com/wnQXiAB/?gvqtBfjp$$ 
larry89$$ larry89$$ Larry$$ Cox$$ Orozco PLC$$ Dominican Republic$$ larry89@gmail.com$$ +1-627-328-9540x0922$$ +1-660-567-1211$$ larry89$$ http://1rVnj4.Nsi.com/83_/?fHc4DxrT$$ 
erin90$$ erin90$$ Erin$$ Wiley$$ Moore-Lam$$ Montenegro$$ erin90@gmail.com$$ 001-830-416-0272x9856$$ 810.045.6183$$ erin90$$ http://39V.ZGR.com/bPUo~kE/?w0PP5Q$$ 
christina91$$ christina91$$ Christina$$ Rosario$$ Ryan, Montgomery and Barber$$ Turkmenistan$$ christina91@gmail.com$$ 044.616.2509x9712$$ +1-089-853-1854$$ christina91$$ http://lg.hQl.com/uS0NKttY/?7f$$ 
lauren92$$ lauren92$$ Lauren$$ Cruz$$ Marsh Ltd$$ Costa Rica$$ lauren92@gmail.com$$ +1-743-291-8274$$ +1-535-120-6027x552$$ lauren92$$ http://3.sdr.com/gap/?J$$ 
robert93$$ robert93$$ Robert$$ Brooks$$ Davis, Hull and Cooper$$ Nauru$$ robert93@gmail.com$$ (857)396-0203$$ 3038160240$$ robert93$$ http://YfjEkox.Mmc.com/of0c/?1JS_E4$$ 
jeff94$$ jeff94$$ Jeff$$ Hart$$ Chavez-Gordon$$ Cuba$$ jeff94@gmail.com$$ 2097608200$$ 2233205065$$ jeff94$$ http://Fe1MvXvtB.wmb.com/tvbokwzBf7/?7WfU7t$$ 
david95$$ david95$$ David$$ Olson$$ Perez, Pearson and Davis$$ Hungary$$ david95@gmail.com$$ 487-908-9009x23965$$ 142.700.0397$$ david95$$ http://Adx.khF.com/AIffEJ/?mvujJ7$$ 
brittany96$$ brittany96$$ Brittany$$ Lopez$$ Diaz Group$$ Norway$$ brittany96@gmail.com$$ +1-497-681-9826x2613$$ 428.624.8873$$ brittany96$$ http://ho6zAJ445.vBu.com/Sbhjiw0gwU/?kce$$ 
andre97$$ andre97$$ Andre$$ White$$ Bowman-Fowler$$ Benin$$ andre97@gmail.com$$ 802-635-0549x1409$$ 731-924-1679x8267$$ andre97$$ http://c4XJn.BQB.com/1T~8V/?68WfZZe$$ 
brandi98$$ brandi98$$ Brandi$$ Brown$$ Taylor, Robertson and Fernandez$$ Mexico$$ brandi98@gmail.com$$ 696-734-5363x327$$ (981)769-9198$$ brandi98$$ http://M4.hhl.com/nA6s6/?Qm7_QiGeow$$ 
laura99$$ laura99$$ Laura$$ Thompson$$ Garcia-Taylor$$ Rwanda$$ laura99@gmail.com$$ 924-707-9822$$ 943.225.1806x53464$$ laura99$$ http://HDAZPMET.NcT.com/p./?W-s01$$ 
matthew100$$ matthew100$$ Matthew$$ Christensen$$ Cooper, Gray and Wilcox$$ Finland$$ matthew100@gmail.com$$ 001-947-684-3967x66534$$ +1-064-742-0831x94074$$ matthew100$$ http://gkOnSw.Ljz.com/5dm7Q/?L2eH$$ 
