samuel1$$ samuel1$$ Samuel$$ Henry$$ Keller, Ray and Wolf$$ Ireland$$ samuel1@gmail.com$$ 005.025.8965x71812$$ 001-128-749-3455$$ samuel1$$ http://0B.UpA.com/Cgts6rkT/?nArYxT$$ 
william2$$ william2$$ William$$ Ellis$$ Meyer, Mccormick and Walters$$ Gibraltar$$ william2@gmail.com$$ 001-699-306-2219x5305$$ +1-294-508-1068$$ william2$$ http://71sDy.aTC.com/AqHbYE-3y/?VrOyCtDqf$$ 
regina3$$ regina3$$ Regina$$ Reynolds$$ Adams, Williams and Deleon$$ Reunion$$ regina3@gmail.com$$ 587.299.6118x91795$$ (511)552-2270$$ regina3$$ http://dAupqjAx.cNO.com/UCjLqFhQG/?.nKSt3mXtM$$ 
christopher4$$ christopher4$$ Christopher$$ Brown$$ Parker, Castillo and Soto$$ South Africa$$ christopher4@gmail.com$$ 553-784-5309$$ +1-688-102-9123x39456$$ christopher4$$ http://N.vne.com/IUrSBq71/?p2CfyD$$ 
brian5$$ brian5$$ Brian$$ Mejia$$ Schroeder PLC$$ Bulgaria$$ brian5@gmail.com$$ (439)080-8202$$ (497)127-9488$$ brian5$$ http://3PNDhpw-V.WBo.com/WsH-srj-/?l.n$$ 
justin6$$ justin6$$ Justin$$ Curry$$ Fleming-Sosa$$ Comoros$$ justin6@gmail.com$$ 991.989.4084x58767$$ 001-746-942-3302x79762$$ justin6$$ http://BwFsX.CTA.com/zN3FJ6G/?019~ZoInVw$$ 
carl7$$ carl7$$ Carl$$ Rivas$$ Doyle, Fuller and Day$$ Switzerland$$ carl7@gmail.com$$ (293)674-2949x9560$$ 223.305.8210$$ carl7$$ http://FqDR4FIzhM.xen.com/fJu0H6-/?cKV$$ 
kimberly8$$ kimberly8$$ Kimberly$$ Hopkins$$ Roberts, Melton and Williams$$ Kyrgyz Republic$$ kimberly8@gmail.com$$ +1-218-622-6824x0194$$ 845-370-5845$$ kimberly8$$ http://0HWYq.hNn.com/Im0V/?dnoiIoS9$$ 
gerald9$$ gerald9$$ Gerald$$ Ramirez$$ Ruiz, Adkins and Wolfe$$ Pitcairn Islands$$ gerald9@gmail.com$$ (364)878-7064$$ 185.506.4858$$ gerald9$$ http://Ctz.vgm.com/WrSqk5/?eqy$$ 
lisa10$$ lisa10$$ Lisa$$ Gilmore$$ Moore, Hunt and Baldwin$$ Mali$$ lisa10@gmail.com$$ (482)415-4495$$ +1-442-968-3864x7003$$ lisa10$$ http://Ih.dKE.com/y5/?_n_thsG43$$ 
morgan11$$ morgan11$$ Morgan$$ Jordan$$ Newman, Morse and Green$$ Cocos (Keeling) Islands$$ morgan11@gmail.com$$ +1-895-202-2250x345$$ 875.018.7003x14378$$ morgan11$$ http://eNddZe.tgg.com/CxO_p/?fLY.0XOlAH$$ 
tracey12$$ tracey12$$ Tracey$$ Marshall$$ Harmon, Vega and Torres$$ Bangladesh$$ tracey12@gmail.com$$ 637.116.5084$$ +1-354-800-8349x2161$$ tracey12$$ http://G.heM.com/Ool9Sn/?DstRvqYRk$$ 
melanie13$$ melanie13$$ Melanie$$ Knight$$ Fisher-Torres$$ Tunisia$$ melanie13@gmail.com$$ 001-441-994-7392x467$$ +1-194-116-8789x8817$$ melanie13$$ http://6JKRtjeHkG.MIS.com/AE8DJY/?IVeQ280$$ 
courtney14$$ courtney14$$ Courtney$$ Buchanan$$ Morales, David and Smith$$ Austria$$ courtney14@gmail.com$$ (757)563-4418$$ (938)231-3754x744$$ courtney14$$ http://A-jdLDeRE.tTj.com/hPeJJgW/?ly$$ 
kenneth15$$ kenneth15$$ Kenneth$$ Gonzalez$$ Mcmahon, Harper and Anderson$$ Estonia$$ kenneth15@gmail.com$$ +1-711-654-8714$$ +1-905-310-5390x0105$$ kenneth15$$ http://Xco.ySY.com/fz/?XJ$$ 
julie16$$ julie16$$ Julie$$ James$$ Lyons Group$$ Turkmenistan$$ julie16@gmail.com$$ 044.000.8162$$ (783)216-2422x6989$$ julie16$$ http://0JAFx.lAv.com/Ul2kkWcQi/?HpvePsv8ga$$ 
shannon17$$ shannon17$$ Shannon$$ Torres$$ Decker Inc$$ Guadeloupe$$ shannon17@gmail.com$$ 711.355.7690$$ (588)761-1917x664$$ shannon17$$ http://tV.bXI.com/Lh/?P_QKYJkUs$$ 
meghan18$$ meghan18$$ Meghan$$ Yang$$ Bennett-Hernandez$$ Slovakia (Slovak Republic)$$ meghan18@gmail.com$$ +1-081-818-6055x23658$$ 394-582-6525x459$$ meghan18$$ http://kO.taQ.com/RAF4K2MJE/?C4xmwv32Lh$$ 
patrick19$$ patrick19$$ Patrick$$ Rowe$$ Morgan Ltd$$ Falkland Islands (Malvinas)$$ patrick19@gmail.com$$ 234.592.0860x66960$$ 363-464-7169$$ patrick19$$ http://MiXtTIjunm.Abb.com/2sMVkZQ/?hIBn-gh$$ 
nicole20$$ nicole20$$ Nicole$$ Harris$$ Peters, Henry and Mitchell$$ Greece$$ nicole20@gmail.com$$ (795)041-6505x8896$$ +1-513-292-4086$$ nicole20$$ http://OsVHOcyD.Bvp.com/~sgL26U/?8~GofNotu5$$ 
matthew21$$ matthew21$$ Matthew$$ Alvarez$$ Adams, Foster and Hernandez$$ Netherlands$$ matthew21@gmail.com$$ 822.796.2969x332$$ 689.008.2493$$ matthew21$$ http://VPer0bZ3d.FPP.com/5EtnP4/?DkEqhf55L3$$ 
rachael22$$ rachael22$$ Rachael$$ Webster$$ Young, Macdonald and Horn$$ Tokelau$$ rachael22@gmail.com$$ 901-225-1568$$ +1-893-631-8523x1303$$ rachael22$$ http://x0tsFeDn.Shq.com/hGgcpFE/?AosEARIxfG$$ 
ronald23$$ ronald23$$ Ronald$$ Evans$$ Short, Olson and Marshall$$ Antarctica (the territory South of 60 deg S)$$ ronald23@gmail.com$$ 489-599-6900x37303$$ +1-785-280-4032x3607$$ ronald23$$ http://o6D.QzE.com/6Kgc/?bULTE$$ 
eric24$$ eric24$$ Eric$$ Ortiz$$ Joseph-Dean$$ Jersey$$ eric24@gmail.com$$ 001-727-899-7916x4382$$ 007.874.3597x61267$$ eric24$$ http://BF1Cw6fhW.jxw.com/S15/?50k$$ 
kristi25$$ kristi25$$ Kristi$$ Stephens$$ Watson-Freeman$$ Honduras$$ kristi25@gmail.com$$ +1-506-666-3627x918$$ 001-546-912-3700x617$$ kristi25$$ http://8B.xVZ.com/U2f/?O.$$ 
kaitlyn26$$ kaitlyn26$$ Kaitlyn$$ Riley$$ Atkinson, Lowe and Brown$$ Korea$$ kaitlyn26@gmail.com$$ 548-283-9539$$ (567)220-0380x1785$$ kaitlyn26$$ http://Dpixs.fDB.com/OXbQT/?1K41$$ 
laura27$$ laura27$$ Laura$$ Lee$$ Anderson, Thomas and Howard$$ Madagascar$$ laura27@gmail.com$$ 001-159-965-7359x9128$$ 893-054-2051$$ laura27$$ http://wfkOW.vQF.com/GbURfe/?pqnV$$ 
michelle28$$ michelle28$$ Michelle$$ Lewis$$ Brown-Cooley$$ Cocos (Keeling) Islands$$ michelle28@gmail.com$$ 001-294-166-2963x9466$$ (661)119-6244$$ michelle28$$ http://L1UuaT5Fy.onM.com/tfxd./?dD4j25xS$$ 
robert29$$ robert29$$ Robert$$ Ross$$ Miller Inc$$ Jordan$$ robert29@gmail.com$$ 249.606.1104x23079$$ 316.882.7972x5823$$ robert29$$ http://UVGD5Bq0pO.aos.com/s~FMt4F/?zUnIBnpKF$$ 
emily30$$ emily30$$ Emily$$ Hayes$$ Smith, Graham and Hayes$$ Isle of Man$$ emily30@gmail.com$$ 199-298-2121$$ 543.708.0384x623$$ emily30$$ http://eLmXMbd.kxz.com/c/?boc$$ 
kyle31$$ kyle31$$ Kyle$$ Mitchell$$ Grant, Cooper and Guerrero$$ Pakistan$$ kyle31@gmail.com$$ (079)280-4698$$ (550)607-1832$$ kyle31$$ http://wJTuR4i.wjS.com/tITwsLTX/?zVBebZ3VAG$$ 
daniel32$$ daniel32$$ Daniel$$ Ray$$ Larson-Wade$$ Canada$$ daniel32@gmail.com$$ (390)585-5822x4164$$ (769)650-9011$$ daniel32$$ http://Fraa27Q.rEf.com/1A~T/?8WI$$ 
corey33$$ corey33$$ Corey$$ Taylor$$ Davidson Inc$$ Greece$$ corey33@gmail.com$$ 177.752.1239$$ 001-090-548-9006$$ corey33$$ http://JS3Gl.wGY.com/.7/?Q24fdsyIJ$$ 
lee34$$ lee34$$ Lee$$ Bennett$$ Rosario-Sparks$$ Namibia$$ lee34@gmail.com$$ +1-403-415-0735x4116$$ 001-312-255-0217x75192$$ lee34$$ http://ZXU.lkS.com/WhqWy/?H$$ 
kimberly35$$ kimberly35$$ Kimberly$$ Olsen$$ Kelly PLC$$ Pakistan$$ kimberly35@gmail.com$$ 992.493.8628x36174$$ 376-206-4608x99082$$ kimberly35$$ http://OJT.krj.com/aAqLzwQB/?8pnB6F$$ 
patricia36$$ patricia36$$ Patricia$$ Gray$$ Price-Stewart$$ Turkmenistan$$ patricia36@gmail.com$$ 001-768-460-4528x8965$$ 121-796-5954$$ patricia36$$ http://fwDKgtAIA0.ZwI.com/qt/?_W$$ 
mark37$$ mark37$$ Mark$$ Freeman$$ Smith-Lindsey$$ Macao$$ mark37@gmail.com$$ (025)997-6214x668$$ (136)921-7511x387$$ mark37$$ http://W.BBa.com/E/?M$$ 
nicholas38$$ nicholas38$$ Nicholas$$ Henderson$$ Wall-Scott$$ Ireland$$ nicholas38@gmail.com$$ 750-206-3329x489$$ 6117823623$$ nicholas38$$ http://wf.ltE.com/~9jp/?uj-Z$$ 
jeremy39$$ jeremy39$$ Jeremy$$ Howard$$ Harris, Russo and Wright$$ Turkmenistan$$ jeremy39@gmail.com$$ 606-849-7672$$ 815-536-7772$$ jeremy39$$ http://NtRkPk3bm7.UPy.com/FuAHvvF6E/?wVRuqX$$ 
kathryn40$$ kathryn40$$ Kathryn$$ Leon$$ Ortiz, Stephens and Martin$$ Nicaragua$$ kathryn40@gmail.com$$ 001-733-089-6246x7824$$ (956)025-6347$$ kathryn40$$ http://tjKP.zeZ.com/2yd/?cWxwKrTWQ0$$ 
carolyn41$$ carolyn41$$ Carolyn$$ Cain$$ Duran, Fisher and Hodges$$ Central African Republic$$ carolyn41@gmail.com$$ 411-765-1372$$ +1-609-660-5851x621$$ carolyn41$$ http://Q.ems.com/z1Y/?WSI~E1m$$ 
lisa42$$ lisa42$$ Lisa$$ Brown$$ Mason-Hawkins$$ Bolivia$$ lisa42@gmail.com$$ 766.577.2702$$ +1-199-723-1888$$ lisa42$$ http://NA.wkt.com/LGZI/?GR$$ 
aaron43$$ aaron43$$ Aaron$$ Bender$$ Hansen-Sawyer$$ Mauritius$$ aaron43@gmail.com$$ 488-706-5712$$ 341-279-3653x8217$$ aaron43$$ http://kY.hjd.com/jD7WE.KAdn/?B$$ 
michael44$$ michael44$$ Michael$$ Jackson$$ Allen-Harding$$ Chile$$ michael44@gmail.com$$ 729.668.2218$$ 282.606.6731$$ michael44$$ http://bSUmJBzDl.aTS.com/~GR/?6~Dy0jr$$ 
jennifer45$$ jennifer45$$ Jennifer$$ Bowman$$ Frederick, Mcintosh and Houston$$ British Virgin Islands$$ jennifer45@gmail.com$$ (154)642-8095$$ 344.357.7559$$ jennifer45$$ http://oSdCAooFA8.CxH.com/6F2cGN/?D$$ 
kevin46$$ kevin46$$ Kevin$$ Huff$$ Powell and Sons$$ Costa Rica$$ kevin46@gmail.com$$ 490.316.8609$$ 001-280-794-1349$$ kevin46$$ http://lsfje.UEp.com/U.nc/?IOD$$ 
jennifer47$$ jennifer47$$ Jennifer$$ Chapman$$ Stewart-Howell$$ Madagascar$$ jennifer47@gmail.com$$ 001-151-356-6810x50982$$ 001-391-667-3685x5780$$ jennifer47$$ http://gzqhl.Krk.com/mftMTPpb/?IGOZ$$ 
jeffrey48$$ jeffrey48$$ Jeffrey$$ Bridges$$ Rogers, House and Mahoney$$ Lesotho$$ jeffrey48@gmail.com$$ 083-363-8660$$ (138)519-7215x801$$ jeffrey48$$ http://r3pKX.qEj.com/v9g/?7rt.$$ 
cheyenne49$$ cheyenne49$$ Cheyenne$$ Nguyen$$ Mccall LLC$$ Marshall Islands$$ cheyenne49@gmail.com$$ 844-306-4662x5499$$ 799-678-5396x80296$$ cheyenne49$$ http://VfL1XZ54tS.uUu.com/ABCXtbP/?N$$ 
robert50$$ robert50$$ Robert$$ Davis$$ Kent Inc$$ Slovenia$$ robert50@gmail.com$$ 411.580.2906$$ 001-052-159-3898x57812$$ robert50$$ http://Nph2MHt.esN.com/AJ8nAiR4/?~7Lu3Wy$$ 
corey51$$ corey51$$ Corey$$ Castro$$ Bird-Dixon$$ Botswana$$ corey51@gmail.com$$ +1-992-313-1969$$ +1-380-066-4313$$ corey51$$ http://PKLWfWgWF.Zoq.com/RjPE/?C4oDNQw5YD$$ 
carol52$$ carol52$$ Carol$$ Davis$$ Maldonado-Hines$$ Mali$$ carol52@gmail.com$$ 357-318-9869$$ 2522289655$$ carol52$$ http://rUTGR4zW.vBa.com/CCt.xR/?_3dZ-0nS$$ 
christopher53$$ christopher53$$ Christopher$$ Krueger$$ Nelson Group$$ Christmas Island$$ christopher53@gmail.com$$ 001-380-442-7064x45609$$ 4467816290$$ christopher53$$ http://xGDLZf5.Kzv.com/cmxjQHNiYk/?9$$ 
anna54$$ anna54$$ Anna$$ Ball$$ Lee, Martin and Phillips$$ Guyana$$ anna54@gmail.com$$ 979.837.0738$$ +1-389-621-1035x4667$$ anna54$$ http://1.UgY.com/XUW/?1DNtxT$$ 
jonathan55$$ jonathan55$$ Jonathan$$ Trujillo$$ Thomas-Graham$$ Saudi Arabia$$ jonathan55@gmail.com$$ 5385537931$$ +1-023-248-5747$$ jonathan55$$ http://BJ1VlWsOMs.QpR.com/W/?h1B9yw$$ 
melinda56$$ melinda56$$ Melinda$$ Mayo$$ Gray-Johnson$$ Madagascar$$ melinda56@gmail.com$$ (220)829-4331x987$$ 446-322-9018$$ melinda56$$ http://BVgxm.zsQ.com/VeQmvXuNu/?YK_$$ 
amanda57$$ amanda57$$ Amanda$$ Jimenez$$ Clark-Stevenson$$ Liberia$$ amanda57@gmail.com$$ (799)692-5693x7935$$ +1-859-470-9051$$ amanda57$$ http://8DPU.uFy.com/8iEwtO/?W14RFj7$$ 
jacob58$$ jacob58$$ Jacob$$ Dillon$$ Ortiz PLC$$ Gabon$$ jacob58@gmail.com$$ (848)563-6828x5699$$ 6948778205$$ jacob58$$ http://h5V.kFq.com/_Sab/?4ovdpxZ$$ 
tyler59$$ tyler59$$ Tyler$$ Smith$$ Smith, Caldwell and Frost$$ British Indian Ocean Territory (Chagos Archipelago)$$ tyler59@gmail.com$$ 001-134-380-5534x32053$$ 001-880-582-7725x6087$$ tyler59$$ http://tmakos-T-3.Ept.com/n/?-pPAbFn$$ 
rachel60$$ rachel60$$ Rachel$$ Fields$$ King, Ross and Spencer$$ Netherlands$$ rachel60@gmail.com$$ 061.472.2638x3338$$ 7921703641$$ rachel60$$ http://ziJEe-y3yd.LoQ.com/Hp_Om4/?o$$ 
brian61$$ brian61$$ Brian$$ Munoz$$ Walls Inc$$ Kiribati$$ brian61@gmail.com$$ 456.748.5493$$ 723.224.8980x806$$ brian61$$ http://6.rMo.com/LELzBh_/?eR_$$ 
kelly62$$ kelly62$$ Kelly$$ Robertson$$ Lawson and Sons$$ Nigeria$$ kelly62@gmail.com$$ 013.625.6174$$ (236)330-5972x59639$$ kelly62$$ http://iPWgkuYR.kVE.com/o9NMdN/?CgxglHu$$ 
jennifer63$$ jennifer63$$ Jennifer$$ Davis$$ Elliott, Willis and Smith$$ Trinidad and Tobago$$ jennifer63@gmail.com$$ 645-764-4774$$ (696)598-4249$$ jennifer63$$ http://zspP-ZbIn.gqK.com/K0A6a/?bGk$$ 
diana64$$ diana64$$ Diana$$ Frost$$ Silva-Stevens$$ Algeria$$ diana64@gmail.com$$ 668-073-6142x28922$$ 467.063.3851x5907$$ diana64$$ http://IM1w6Wg.Hnq.com/Y/?wIRmUgW4Kz$$ 
anthony65$$ anthony65$$ Anthony$$ Miller$$ Morgan PLC$$ Slovakia (Slovak Republic)$$ anthony65@gmail.com$$ 001-021-297-7501x28868$$ 697-623-1793x448$$ anthony65$$ http://8J4mXvH.uet.com/~0z5/?8pN-xeEO$$ 
darlene66$$ darlene66$$ Darlene$$ Herrera$$ Sanchez, West and Bradford$$ Italy$$ darlene66@gmail.com$$ 001-507-071-1401x64116$$ 001-921-956-5525$$ darlene66$$ http://pznuhZrHJ.kRz.com/SDGHcJ35/?Kfc$$ 
dawn67$$ dawn67$$ Dawn$$ Moore$$ Miller Ltd$$ Burkina Faso$$ dawn67@gmail.com$$ 310-804-1580$$ (257)532-6173x6808$$ dawn67$$ http://caQSuB9h1y.Owh.com/itlTKg/?9.y~MxTz$$ 
marvin68$$ marvin68$$ Marvin$$ Howard$$ Gonzalez Ltd$$ Kiribati$$ marvin68@gmail.com$$ (213)506-1275x53573$$ 743-053-1079x693$$ marvin68$$ http://aJ.XVW.com/n_y1Oj/?HFEgopd4.U$$ 
justin69$$ justin69$$ Justin$$ Jones$$ Hernandez and Sons$$ Armenia$$ justin69@gmail.com$$ (144)545-8586x52342$$ +1-883-835-9228x37759$$ justin69$$ http://pLneueEtn.xuZ.com/9bBpMzub/?xZrIDvU$$ 
joanna70$$ joanna70$$ Joanna$$ Morgan$$ Bartlett, Lee and Compton$$ United Kingdom$$ joanna70@gmail.com$$ 018.745.2001x09028$$ 802-075-8293x621$$ joanna70$$ http://KRvVHBOZ.IXv.com/p/?KO7dfW7.$$ 
lisa71$$ lisa71$$ Lisa$$ Hubbard$$ Phillips Group$$ Timor-Leste$$ lisa71@gmail.com$$ 651-889-9024$$ 447-596-6750$$ lisa71$$ http://SF.Kom.com/qdT/?Y49I_Yc$$ 
kimberly72$$ kimberly72$$ Kimberly$$ Powell$$ Martinez-Smith$$ Mexico$$ kimberly72@gmail.com$$ 094-967-4049x9963$$ 001-282-724-7147x056$$ kimberly72$$ http://rUP.Ron.com/Y.Fc/?mlLl04ti$$ 
nancy73$$ nancy73$$ Nancy$$ Graham$$ Carroll PLC$$ India$$ nancy73@gmail.com$$ 2646319619$$ 796.686.2125$$ nancy73$$ http://oZi3la.eFE.com/evLK/?qOX9U$$ 
donna74$$ donna74$$ Donna$$ Lester$$ Hodge-Baldwin$$ Niue$$ donna74@gmail.com$$ (568)976-4450x158$$ (434)413-2325$$ donna74$$ http://Lq8emhh.Xhy.com/5TgDLr/?B$$ 
tyler75$$ tyler75$$ Tyler$$ Mcdonald$$ Roberson and Sons$$ Honduras$$ tyler75@gmail.com$$ 515-312-7912$$ 982-825-2396$$ tyler75$$ http://xeRD5f1lQ.bUH.com/iM/?_XG579O$$ 
lisa76$$ lisa76$$ Lisa$$ Banks$$ Garner and Sons$$ Brazil$$ lisa76@gmail.com$$ 001-776-367-5326x7349$$ (206)963-9758x7998$$ lisa76$$ http://6.HOR.com/yMcHV7/?HGu6TU$$ 
john77$$ john77$$ John$$ Chavez$$ Hobbs, Jenkins and Rodriguez$$ Mongolia$$ john77@gmail.com$$ (397)857-7172$$ 923.303.2161x384$$ john77$$ http://NVeuygOf.OWw.com/x_p.0jQAMb/?HvSUhPbcW$$ 
taylor78$$ taylor78$$ Taylor$$ Jackson$$ Dorsey, Shannon and Cummings$$ Gambia$$ taylor78@gmail.com$$ (504)852-4790x6846$$ 001-047-110-7894x743$$ taylor78$$ http://qdrlNk9-y.jDW.com/HRoa/?swsXseHtC5$$ 
olivia79$$ olivia79$$ Olivia$$ Harris$$ Yoder and Sons$$ Guam$$ olivia79@gmail.com$$ +1-897-654-6280$$ +1-834-682-0934x62842$$ olivia79$$ http://Cyd5MUd.sWd.com/ucXN2b/?Y5$$ 
eric80$$ eric80$$ Eric$$ Thompson$$ Day and Sons$$ Bolivia$$ eric80@gmail.com$$ 204.729.2845$$ +1-403-158-1182x80347$$ eric80$$ http://Mcj5W4mn.vPo.com/6WPNXd/?cLjBE$$ 
jessica81$$ jessica81$$ Jessica$$ Daniels$$ Pierce, Knox and Morales$$ Tokelau$$ jessica81@gmail.com$$ (016)933-2375x44757$$ (121)623-3367x7129$$ jessica81$$ http://A-C-Z0GZT.bCJ.com/ge/?f1LMf~$$ 
wendy82$$ wendy82$$ Wendy$$ Rogers$$ Gutierrez-Suarez$$ Panama$$ wendy82@gmail.com$$ (260)668-9252$$ 650.963.8907x0204$$ wendy82$$ http://7qQK-rEH.Svf.com/IN9deSGp3D/?yELi$$ 
katrina83$$ katrina83$$ Katrina$$ Walker$$ Vargas Ltd$$ United Kingdom$$ katrina83@gmail.com$$ 865.638.0809x268$$ 286-725-9498$$ katrina83$$ http://rqP6cF.PJF.com/0qG9T/?b76ra$$ 
james84$$ james84$$ James$$ Rodriguez$$ Obrien-Carter$$ Macao$$ james84@gmail.com$$ 870.622.2932$$ 001-929-572-7355x98736$$ james84$$ http://SzTeOm.vpK.com/ZysulXEY/?vJ9pl2dw4$$ 
anna85$$ anna85$$ Anna$$ Skinner$$ Munoz Group$$ British Indian Ocean Territory (Chagos Archipelago)$$ anna85@gmail.com$$ +1-553-720-4424x178$$ (506)854-9706x20947$$ anna85$$ http://qqhkOkz.fKb.com/98gIErN/?Fm$$ 
matthew86$$ matthew86$$ Matthew$$ Frazier$$ Walters, Brown and Mason$$ India$$ matthew86@gmail.com$$ +1-216-787-6453$$ (488)567-6188$$ matthew86$$ http://vRfqXln.RuO.com/r_DJ/?f0lTh7$$ 
joseph87$$ joseph87$$ Joseph$$ Friedman$$ Snow-Garcia$$ Thailand$$ joseph87@gmail.com$$ 010-331-7074$$ (677)489-6189x630$$ joseph87$$ http://EHJyFUp.QqL.com/K/?b$$ 
samuel88$$ samuel88$$ Samuel$$ Taylor$$ Ferguson, King and Cervantes$$ Ethiopia$$ samuel88@gmail.com$$ 552.351.4347x547$$ 934-997-2029$$ samuel88$$ http://ELVwAU.MmB.com/cTkNa/?96A3q_d$$ 
heidi89$$ heidi89$$ Heidi$$ Dodson$$ Richards PLC$$ China$$ heidi89@gmail.com$$ 001-797-828-8550$$ +1-629-040-3152$$ heidi89$$ http://J.yCj.com/oMRyX/?ne~qPA$$ 
robin90$$ robin90$$ Robin$$ Taylor$$ Jones LLC$$ Korea$$ robin90@gmail.com$$ 977-694-6248x7284$$ 697-804-6648$$ robin90$$ http://VTYMA74wA.qWj.com/azS~b/?GyidQ$$ 
lisa91$$ lisa91$$ Lisa$$ Wong$$ Moon, Taylor and Wells$$ Kuwait$$ lisa91@gmail.com$$ 428.330.2905x537$$ 4367907719$$ lisa91$$ http://N.WKu.com/~T9ld00R/?vcuJUirvz$$ 
paul92$$ paul92$$ Paul$$ Russo$$ Leon, Farley and Tyler$$ Brunei Darussalam$$ paul92@gmail.com$$ (950)713-0279$$ 6240040573$$ paul92$$ http://hbW.dkN.com/U654DDZ/?0B580e62B$$ 
lindsay93$$ lindsay93$$ Lindsay$$ Brown$$ Clark-Kim$$ Fiji$$ lindsay93@gmail.com$$ +1-716-160-7845$$ (447)055-9918$$ lindsay93$$ http://tgW5.hGh.com/HVeXk-bROu/?INtQi7k$$ 
michael94$$ michael94$$ Michael$$ Floyd$$ Long, Taylor and Carter$$ Ireland$$ michael94@gmail.com$$ 080.953.0048x6825$$ 266-036-7396$$ michael94$$ http://Izc.Nmp.com/HzMt~/?pvF83Pp6$$ 
nicholas95$$ nicholas95$$ Nicholas$$ Sandoval$$ Burke, Kennedy and Petersen$$ Honduras$$ nicholas95@gmail.com$$ 001-049-472-9585x49982$$ +1-071-231-3969x44010$$ nicholas95$$ http://vZmQZn.xIO.com/7o/?EGIXGQSS$$ 
cathy96$$ cathy96$$ Cathy$$ Scott$$ Knight LLC$$ Angola$$ cathy96@gmail.com$$ (462)409-7841x2490$$ (835)723-1060x0874$$ cathy96$$ http://ZHoyhp.JHL.com/PpL1m8gj/?DQId$$ 
stephanie97$$ stephanie97$$ Stephanie$$ Ramirez$$ Tucker, Johnson and Jimenez$$ Belize$$ stephanie97@gmail.com$$ (320)160-8006$$ (316)925-9736$$ stephanie97$$ http://sVoTp-.GYi.com/DgPJr0vKKO/?u$$ 
robert98$$ robert98$$ Robert$$ Marks$$ Stanley, Smith and Rangel$$ Trinidad and Tobago$$ robert98@gmail.com$$ 461.114.7377$$ +1-189-857-2123x85757$$ robert98$$ http://zKE.AnI.com/iT.ulI/?3zRBa$$ 
dana99$$ dana99$$ Dana$$ Villegas$$ Lynch Inc$$ Benin$$ dana99@gmail.com$$ (843)070-4520x4356$$ 7233338966$$ dana99$$ http://1euvo.gPB.com/65H_jBI/?xZr6QC$$ 
scott100$$ scott100$$ Scott$$ White$$ Williams, Mckinney and Cooper$$ Saint Barthelemy$$ scott100@gmail.com$$ +1-822-392-2576x018$$ (940)645-1112x4103$$ scott100$$ http://oJ5Jf.iyP.com/2rn/?ln9c5G-w$$ 
