samuel1,Online Shopping
william2,Online Shopping
regina3,Online Shopping
christopher4,Online Shopping
brian5,Online Shopping
justin6,Online Shopping
carl7,Online Shopping
kimberly8,Online Shopping
gerald9,Online Shopping
lisa10,Online Shopping
morgan11,Online Shopping
tracey12,Online Shopping
melanie13,Online Shopping
courtney14,Online Shopping
kenneth15,Online Shopping
julie16,Taxi
shannon17,Taxi
meghan18,Taxi
patrick19,Taxi
nicole20,Taxi
matthew21,Taxi
rachael22,Taxi
ronald23,Taxi
eric24,Taxi
kristi25,Taxi
kaitlyn26,Taxi
laura27,Taxi
michelle28,Taxi
robert29,Taxi
emily30,Taxi
kyle31,Taxi
daniel32,Taxi
corey33,Taxi
lee34,Taxi
kimberly35,Taxi
patricia36,Taxi
mark37,Taxi
nicholas38,Taxi
jeremy39,Taxi
kathryn40,Taxi
carolyn41,Taxi
lisa42,Taxi
aaron43,Taxi
michael44,Taxi
jennifer45,Taxi
kevin46,Taxi
jennifer47,Taxi
jeffrey48,Taxi
cheyenne49,Taxi
robert50,Taxi
corey51,CricScore
carol52,CricScore
christopher53,CricScore
anna54,CricScore
jonathan55,CricScore
melinda56,CricScore
amanda57,CricScore
jacob58,CricScore
tyler59,CricScore
rachel60,CricScore
brian61,Online Shopping
kelly62,Online Shopping
jennifer63,Online Shopping
diana64,Online Shopping
anthony65,Online Shopping
darlene66,Online Shopping
dawn67,Online Shopping
marvin68,Online Shopping
justin69,Online Shopping
joanna70,Online Shopping
brian61,Taxi
kelly62,Taxi
jennifer63,Taxi
diana64,Taxi
anthony65,Taxi
darlene66,Taxi
dawn67,Taxi
marvin68,Taxi
justin69,Taxi
joanna70,Taxi
lisa71,Online Shopping
kimberly72,Online Shopping
nancy73,Online Shopping
donna74,Online Shopping
tyler75,Online Shopping
lisa71,CricScore
kimberly72,CricScore
nancy73,CricScore
donna74,CricScore
tyler75,CricScore
lisa76,Taxi
john77,Taxi
taylor78,Taxi
olivia79,Taxi
eric80,Taxi
jessica81,Taxi
wendy82,Taxi
katrina83,Taxi
james84,Taxi
anna85,Taxi
matthew86,Taxi
joseph87,Taxi
samuel88,Taxi
heidi89,Taxi
robin90,Taxi
lisa76,CricScore
john77,CricScore
taylor78,CricScore
olivia79,CricScore
eric80,CricScore
jessica81,CricScore
wendy82,CricScore
katrina83,CricScore
james84,CricScore
anna85,CricScore
matthew86,CricScore
joseph87,CricScore
samuel88,CricScore
heidi89,CricScore
robin90,CricScore
lisa91,Online Shopping
paul92,Online Shopping
lindsay93,Online Shopping
michael94,Online Shopping
nicholas95,Online Shopping
cathy96,Online Shopping
stephanie97,Online Shopping
robert98,Online Shopping
dana99,Online Shopping
scott100,Online Shopping
lisa91,Taxi
paul92,Taxi
lindsay93,Taxi
michael94,Taxi
nicholas95,Taxi
cathy96,Taxi
stephanie97,Taxi
robert98,Taxi
dana99,Taxi
scott100,Taxi
lisa91,CricScore
paul92,CricScore
lindsay93,CricScore
michael94,CricScore
nicholas95,CricScore
cathy96,CricScore
stephanie97,CricScore
robert98,CricScore
dana99,CricScore
scott100,CricScore
