craig1,Online Shopping,a608bf0d-f654-334f-b051-ede611a2e49b
rachael2,Online Shopping,1a30aff3-8cc0-331f-8f3d-45de390a744f
courtney3,Online Shopping,dd854f29-e283-3fb7-99cc-30fca0464158
diana4,Online Shopping,8bdc35bd-2d56-3b10-8a66-0dd47f0b08c5
julian5,Online Shopping,d267b446-0a03-3f42-a713-a57847bdc58f
david6,Online Shopping,741c7517-4caf-316c-ba29-09ff98a2288a
jose7,Online Shopping,537e474a-e949-3e03-949d-08b009150e1f
gary8,Online Shopping,1b5ce244-b631-37b0-83c0-b0d5a270faa3
richard9,Online Shopping,3a818484-476c-3b2c-9b85-51ef48ed5c96
brady10,Online Shopping,26d0977e-4c42-3aff-ba6d-4f692523ffcf
kenneth11,Online Shopping,5242ad8a-20d4-38cd-b108-6b8818d239d1
christina12,Online Shopping,ebef0049-010a-3698-a721-74812653dd1f
donald13,Online Shopping,f062be9a-3dd1-35bd-990e-4c228b796953
kathleen14,Online Shopping,ce3fdc91-8bc0-3680-bd21-d3aab5a4a096
brandon15,Online Shopping,768d1f19-7934-35b9-92f3-7d7641858c7d
todd16,Taxi,5c5782b3-1bba-31d5-b746-6fd143362446
sharon17,Taxi,b067143e-4e4d-38db-a46a-e89dcab45410
curtis18,Taxi,e20b6b85-01ce-3ef2-96b0-72e67427b474
jeffrey19,Taxi,a0449fd1-7f3b-3f91-8c9a-dee08e40f0f4
dale20,Taxi,2a5b87a2-72a7-337d-a2fb-2c664d542271
robert21,Taxi,a637aad2-b2a1-39f1-ba5e-fe41db8f4335
lori22,Taxi,c92f7ad8-8230-36c5-b723-41d4484c267e
deborah23,Taxi,0ff31539-abbb-3b10-8696-89778dd79c4d
wendy24,Taxi,2b4b2270-74bb-30f9-baf5-91961233df1a
frank25,Taxi,f63f85b0-479f-3374-8407-b2d473afaa8d
john26,Taxi,a6183abb-072d-3a6a-9de6-17f43b12acb0
tonya27,Taxi,4e7aca5f-ff99-37e3-a2df-0f9a91a5c5ef
james28,Taxi,795f4e9a-6e3d-3429-add7-72e2efac0208
jerry29,Taxi,9a6c6cf7-c907-31e7-a9d6-2ca8909354e2
james30,Taxi,a401c6a6-8282-3ea3-8246-92b0a4fbf832
stephanie31,Taxi,dd03c5d9-ef0d-316b-aad1-286662743fd7
michael32,Taxi,328f5ed1-ec90-3a9b-9f1e-7b75b863408c
charlotte33,Taxi,d5cd9b6c-49c5-34ca-b313-f4327caae6e3
carla34,Taxi,335f9bfa-53b7-3397-8040-bc9d126dd58f
michelle35,Taxi,82acfcd9-e2c3-3167-97fe-f837fdbd1b7d
dustin36,Taxi,9eb01484-9901-34d0-977e-08836e511229
thomas37,Taxi,ca5a0851-3bb3-3aed-ba7e-c81c18b24ec7
peter38,Taxi,700f05d1-dc47-3f56-beda-dbc860bbd50a
nicole39,Taxi,022e1988-c5e5-3109-97c1-d0358096625e
gwendolyn40,Taxi,57b016e9-d06d-316e-b593-8378c869473b
anthony41,Taxi,8b668f4d-730e-3600-b207-2fc49a1e6738
jason42,Taxi,85835a7c-58f9-3d04-8407-9d3c8fdc58d7
suzanne43,Taxi,96474641-6b9f-3924-91b7-5131842cdbee
laura44,Taxi,7cf9cbcb-2feb-37b3-803f-a6d4e8f4a9af
julia45,Taxi,2fcbca0c-628b-375c-aa7e-3401f5559a9e
chris46,Taxi,e735afae-21b3-3dcc-b1ad-da1793f45bc2
jean47,Taxi,9ebc1022-8719-3223-a71a-09cbcbad937a
james48,Taxi,5ef4a70c-6ccf-3827-aa94-dc3010555443
jeremy49,Taxi,1ba7ad3b-bfa8-39b9-a303-6b2b918a9b1f
whitney50,Taxi,0d27e1c9-faf0-3ab6-af42-9adc26c5091f
todd51,CricScore,a21d1d62-ca06-324a-b802-bf84c52959dd
cory52,CricScore,51543625-97d6-39d1-b3ad-2b1a0802b176
emily53,CricScore,7b411c6c-07ff-3cf9-a51e-6fda5595c7fb
james54,CricScore,c82abfe0-8da1-31d2-b7ad-235147df9d95
mary55,CricScore,29b07e43-212c-3257-b2e8-4a1d258c15af
elizabeth56,CricScore,f158765e-3a1c-3bf3-8655-f13b89b7698d
tina57,CricScore,fd296a30-1583-3824-a4b0-dd0f4a6c3702
samantha58,CricScore,a4088713-1276-3bde-9bbe-ed28d4ee97e5
alexander59,CricScore,ca2c1920-bc52-3663-b8d1-8bb6050a4fb3
justin60,CricScore,67a7a1e6-f4e3-3530-bbe7-a7a59bddc73d
carrie61,Online Shopping,cfa4a363-54b5-36b4-a5b0-79762619d168
christopher62,Online Shopping,18987327-1f31-321c-ae8e-1dacb1abbfc9
sarah63,Online Shopping,32f3266a-fa0d-373e-9c1a-786ff659b1c9
kristin64,Online Shopping,050089e0-ec5e-3a8a-ba53-c3a89dbbba07
juan65,Online Shopping,c93ce6f3-ae23-3b81-aab2-85e191133f28
christine66,Online Shopping,5e8603c1-4d68-3584-8dba-1cd044b0fbba
michael67,Online Shopping,130f0b23-03fa-397d-9cab-6858f04a7939
jill68,Online Shopping,6068ed26-07bd-3c63-bb1b-457516cc03df
devin69,Online Shopping,feab259f-0c61-362e-a914-ab2f6067149d
whitney70,Online Shopping,22f09ff6-197b-3987-9147-f32fe23e5c4a
carrie61,Taxi,d4ff68fe-e1a9-33e2-a40e-b4c8534f4af0
christopher62,Taxi,529b7e37-57e4-3d40-b0b7-d33dc410339c
sarah63,Taxi,b1b04ed4-f1b1-39fb-b61c-6b858445434c
kristin64,Taxi,b6d98b11-a81e-3877-86e7-859508391bfc
juan65,Taxi,4571f715-4bd7-34a2-a915-231305ffb2cb
christine66,Taxi,2b8ca6d0-a9a4-398d-b06d-ccb6098a8eae
michael67,Taxi,01cdef7e-bbd6-3974-a92a-68fd44697160
jill68,Taxi,0df210ed-490d-343b-98a4-bc0f8fb2d067
devin69,Taxi,43af644a-c345-31ec-b945-9cfaaab9adca
whitney70,Taxi,b5dfde7c-8afc-3693-83a0-46ba16338101
sarah71,Online Shopping,a56b41df-1039-36af-950f-6d3789cf4610
kristine72,Online Shopping,7195bd3c-4f90-308e-ab59-e16c027e19c7
vanessa73,Online Shopping,1069935d-5925-3e69-8b37-4c69e40a982f
juan74,Online Shopping,358adf37-62cb-3861-80b6-2d2f6e059c80
nicholas75,Online Shopping,7c04d4ef-c5e4-357b-be50-73ac41b3d817
sarah71,CricScore,5be78799-c7f9-3bd3-8e68-3a655d4a3e4a
kristine72,CricScore,6a02ba1f-18e3-37b4-be3b-02914557f2fb
vanessa73,CricScore,4412f7c1-18ca-3dd2-9600-295492bad29c
juan74,CricScore,aaf21d65-5643-31d6-a0a2-fec59535f619
nicholas75,CricScore,aaa0ac75-6065-3805-9e9c-78102d1902ed
stephanie76,Taxi,45deadbc-765a-3649-8990-01487aa61538
michelle77,Taxi,6cec76f0-bc69-3747-9877-857aa80863f5
shelly78,Taxi,637a0aab-511f-34d0-9c7b-a98582636fef
justin79,Taxi,61bb4519-6a29-3bf4-a58f-3808b0104bd7
joshua80,Taxi,59fd6d2a-40cf-3a05-b26d-0d660afd5fb8
david81,Taxi,d958ca9a-f2d4-3df7-aece-82128b482940
katelyn82,Taxi,0218e898-2b16-311e-84b2-3bfa816ec8a8
morgan83,Taxi,6b31e740-4e52-36d7-810e-3b49d0aef970
theresa84,Taxi,d01a38e7-8ad5-3e92-b790-46e7d8649e38
douglas85,Taxi,a433e59d-de4b-3521-b0cc-f29a6a69b0b1
ethan86,Taxi,ef7abd32-fc87-3195-9b20-3156b9dab1ad
jennifer87,Taxi,84c254be-23a0-3ce7-ae55-1c9d21ff5fcc
ryan88,Taxi,0dc0d733-ba29-353a-80bc-116912916328
larry89,Taxi,75ee01c7-6bf4-3f83-bf85-e03cbf267394
kenneth90,Taxi,6f82fd15-aa57-314b-984c-cfcb60d82a0d
stephanie76,CricScore,6ff51396-0d99-3cf0-9932-7fe609a6b408
michelle77,CricScore,23fc934e-53f1-3014-8f98-974e8fd8f74e
shelly78,CricScore,86bce9f1-18dd-34b5-a760-07c3cb514189
justin79,CricScore,96578112-b59b-3822-a88b-91df7460f1b6
joshua80,CricScore,9f4deb89-307f-32e9-942a-03cd4fa5f503
david81,CricScore,8ada1b80-a0cf-3313-b76e-b78dd77f0086
katelyn82,CricScore,e7a83e3f-c812-3dd5-a4ca-f3bcc54ebdde
morgan83,CricScore,6794e55c-633a-3368-bd1c-78bcc8af8b4b
theresa84,CricScore,6788e679-3c2a-3d97-918e-7cfb7c7c158b
douglas85,CricScore,1bdc0f51-cccc-303d-ad0c-1610eceac52a
ethan86,CricScore,6e4eefaa-9e38-3035-975d-45ec1227ab8c
jennifer87,CricScore,21b57cb0-f9af-3e88-8f39-df81a35d01ad
ryan88,CricScore,3c75f130-8472-3d41-a052-5d7b024114ff
larry89,CricScore,595c6ede-87e7-396d-ba7a-00a4ae8786e8
kenneth90,CricScore,f5fb6c33-4d54-36fd-b1b1-5da3c5289533
lisa91,Online Shopping,7070dd68-e8b1-378a-bd35-6779f9c28ddc
daniel92,Online Shopping,e62aff50-aff1-3201-9b23-f91f4a3a9838
jonathan93,Online Shopping,7e6d354e-c3d5-319d-9006-ba0041b7763a
rhonda94,Online Shopping,03a8543d-63c0-3400-833c-57d42866e9a9
kimberly95,Online Shopping,51fcb226-1b51-3f11-8995-d83dee8fcf8b
marcia96,Online Shopping,c7f0182f-282e-3f59-aee1-7033b4c57538
lydia97,Online Shopping,13c5be75-1284-3a55-9d04-a6cdf3faa121
pamela98,Online Shopping,0d4334d3-2c08-37e9-b58d-04c759048a60
zachary99,Online Shopping,47bb88d3-e1fd-3512-8f6d-5f6db51b7117
benjamin100,Online Shopping,32e925ea-3d9c-3be6-857f-019a2bd06ae2
lisa91,Taxi,68d2c749-73d5-3e6d-b5a0-9d2376cb7fde
daniel92,Taxi,5416f06a-a3b8-3e30-912d-c5ccaf059a71
jonathan93,Taxi,aa19c985-dc19-3838-89ac-28066ba550d8
rhonda94,Taxi,1d7f81cd-1a8d-3bf0-b4ec-5ef77e3846d5
kimberly95,Taxi,d0434f0c-80a7-353f-8726-54205fba6054
marcia96,Taxi,0f00e957-c550-32c0-b3da-184d6c5266c8
lydia97,Taxi,15569a9c-bb80-3d42-97f3-b7278592a292
pamela98,Taxi,2c87970d-7e13-3a70-b425-18e851ed9ed0
zachary99,Taxi,3c8009cf-09db-3d24-a323-b90a0cb7dca4
benjamin100,Taxi,f2dc1a58-f757-3340-ab80-ea96b6d495ec
lisa91,CricScore,8ef8a1a6-b356-377c-b527-b928bd5a08a2
daniel92,CricScore,57895824-7a64-3366-9763-8d8c084ffb4a
jonathan93,CricScore,fbb649cf-3009-39f8-97de-882e6d4a9de6
rhonda94,CricScore,4db0a932-da9d-3c34-a708-fad669b6217b
kimberly95,CricScore,b93f8ff2-9030-3dad-a8b4-610bf1b4e950
marcia96,CricScore,b0887b92-6e94-3372-a8e1-14b2d15ced95
lydia97,CricScore,9ec1df5e-b063-3996-aa82-ff2eb0c1b251
pamela98,CricScore,e6207778-3a9a-3708-93ba-e467d7525e5d
zachary99,CricScore,b9ee4a81-541b-3c92-846e-9317d4c1c785
benjamin100,CricScore,2f6fa806-4077-3d39-a399-8eb0b86fd30c
