john1,Online Shopping,4dca912b-366d-3c9a-8b74-05bb43722fb2
janice2,Online Shopping,b4d2ab84-a358-39cb-bb4f-c260d62a4d97
wesley3,Online Shopping,934b3830-9f36-30be-be13-92bdc0568900
kaitlyn4,Online Shopping,b4e1f9bc-f6ea-31fe-a99b-93dcdff67927
michael5,Online Shopping,8d998e76-74c9-375c-b88d-b6899cab74ad
chelsea6,Online Shopping,37a2abfa-eafb-3c5b-be5d-0c5c11316223
carmen7,Online Shopping,e5d82d09-ecfc-330f-8dac-af1ef64acccc
antonio8,Online Shopping,e568c5a4-61f8-31ee-a234-6de25c0dc561
lisa9,Online Shopping,e22d2edb-5569-3f95-8ab9-b8a3e4a4a7ca
lisa10,Online Shopping,af721f01-36d4-39a2-9156-d5bf348aef1e
john11,Online Shopping,10b7a772-7f4b-3560-8cfd-bf93ed4af660
cheryl12,Online Shopping,7da24cc6-9e63-3725-8e40-442ef88513e6
sandra13,Online Shopping,9ed31c6e-45ca-31d5-9aa4-124f1f23276c
derrick14,Online Shopping,d2f6fce1-ea5f-30bf-8623-9c24b0515b58
luke15,Online Shopping,892fd2f4-f4ff-35f4-9c3f-e333029c1146
lisa16,Taxi,597d245f-3991-3a33-a351-d7c0ebdd5eda
kristen17,Taxi,125842e9-6645-34a9-b2df-115fac3f5e65
caitlin18,Taxi,46fbabc3-64da-3d74-9499-c3d7402273cd
april19,Taxi,d3ac3bca-536a-314a-ad78-a65dc9450084
keith20,Taxi,45c97990-8f1c-3271-b741-f2a0445700a9
derrick21,Taxi,0f88d558-d3ff-3b59-8f65-24cee83142ce
victoria22,Taxi,eab1f949-355b-320a-b3f6-b026b17b87ad
tiffany23,Taxi,84d29c98-b210-3d1e-baae-5729bcc624bd
whitney24,Taxi,5b4953f2-9a72-313c-accb-d00f45fa1c78
amanda25,Taxi,71203cee-66de-36dc-82dd-9a85bf762a1b
katrina26,Taxi,2169863d-53e8-3f94-abd6-49a2de2446ac
sean27,Taxi,64891d7f-d443-36ed-baa1-1a271e109183
anna28,Taxi,d1d5263c-2669-3d26-a8c3-88809c820b6f
rebecca29,Taxi,b7268b22-dfae-3341-9f10-818df08b339e
jason30,Taxi,73b23d38-3b08-3916-99fc-ecce5ebe6024
ryan31,Taxi,bb5bb3b0-cffc-37ce-a25f-e715b540a9ea
jane32,Taxi,e5a49247-60f0-3650-bf56-b2102259e02d
joseph33,Taxi,a06ef327-19b1-3bb7-85c8-0f3e7cba9253
rachel34,Taxi,821d84b2-5392-38e5-9a64-39eb6f608b89
jennifer35,Taxi,5f7403bd-6bbe-324a-a9f8-0dc60ec1ec83
erik36,Taxi,bf9206b6-4cd6-3112-b23b-b904b3b76796
karen37,Taxi,cd971776-9058-3bf6-b818-5d02d0af52e7
charles38,Taxi,902077de-921e-3220-9a7e-445d1f0d12b7
jennifer39,Taxi,32b975c4-0c21-3128-90f0-64a7b4dfad51
alexandra40,Taxi,deab8a5b-e902-31e1-9216-71f20172b0f7
matthew41,Taxi,922ec3c4-b612-3156-9198-addc6bf382c8
rhonda42,Taxi,b8387d7d-e03e-398a-867d-25cbc85ef62a
ryan43,Taxi,c840c8e8-1c72-3941-833d-5e3285f75925
robert44,Taxi,61415bde-8892-3c93-8d21-8bab05dc21d5
dustin45,Taxi,3f2c22b9-c73c-3fc7-83c6-2dea4f94c5a9
joseph46,Taxi,88a7b853-1aa6-3cf0-b0d3-d00c012136c4
eric47,Taxi,c5f2a8f3-a3e2-3791-a666-6adf1ff14f40
janet48,Taxi,415aced1-9b25-3231-a5ed-4fc8cf35ea7e
kristi49,Taxi,a3f65525-3603-3f46-a11a-a95f10ec7cbf
christian50,Taxi,1c29f683-f0b2-39b8-9fc4-14e74dac92ac
jennifer51,CricScore,9189f752-9230-3756-ad67-f64379b453e4
tina52,CricScore,6ad4b2b8-6f7a-35f1-a6dc-739d5624ec4c
eric53,CricScore,938c6339-53ff-35a7-8fab-ae445f641ec7
mary54,CricScore,758b5ade-5cfd-3eb7-9889-cab143f2aa30
stephen55,CricScore,8d43c266-3801-3fb7-8101-1a565894ece9
andrew56,CricScore,a5b76e92-77bc-39c1-b7ab-8213696c0695
ann57,CricScore,64806b38-bc0f-3348-ac61-9d741341e5f6
carlos58,CricScore,7c217523-5950-3cc4-828b-53f7811a3365
brett59,CricScore,e4c96954-8e04-3446-b948-73b5b21b5353
patricia60,CricScore,e1a65d57-a12b-33b1-a34d-f7c714697a55
jared61,Online Shopping,41f25f9a-4f3b-3f5c-85c9-6ff732ff8c30
christina62,Online Shopping,5b717f7d-b9e0-32dc-9016-9397839e3266
samantha63,Online Shopping,103b93ae-667a-3f76-ae84-e0cc0927762b
jack64,Online Shopping,d8cc5ad2-1636-3abc-9880-41ec3d8afe52
karen65,Online Shopping,6e73c8cb-b091-3832-a750-20c9c3731d13
john66,Online Shopping,9c464e2a-afd0-3fcf-8cce-c711ba81d631
eric67,Online Shopping,b9c83f87-8138-307f-806f-926f1f214de4
savannah68,Online Shopping,4ba34737-7ab9-369e-afa2-abcf333b470f
sarah69,Online Shopping,bc5c4d3e-5859-3897-a015-1594195a81bb
deborah70,Online Shopping,e64e3ed2-197a-358b-af2c-cad3f4ae8855
jared61,Taxi,f997b628-3d00-3a40-9501-d29d1a239baa
christina62,Taxi,2a6251ff-7abb-3328-9d63-3a52476f09d6
samantha63,Taxi,ecf5a764-b220-3a03-8eeb-ea2121d6bbaa
jack64,Taxi,bf85f0a8-ee43-3148-a37d-6d6d7576d0bc
karen65,Taxi,2a9dcf6d-ab59-3ebb-a032-7a8b4d476d20
john66,Taxi,bd79aa58-4a8c-39c8-a0e7-d0bdc7802d56
eric67,Taxi,89ca7d9f-7fc9-3e9f-b67c-a28c031e1692
savannah68,Taxi,2146f552-68e6-3d25-bce7-1a506bba3898
sarah69,Taxi,c5020bf0-75ed-3ddd-ad4a-b01ee96df451
deborah70,Taxi,74358514-49a2-34aa-a894-bdd12ac2a91b
teresa71,Online Shopping,b17b5e8f-9d3d-3e7c-bba0-66e8ddaa65cf
christian72,Online Shopping,0b7c5ac4-a43f-35f7-a130-3489e32c84a2
donald73,Online Shopping,6186ab8a-e3b5-327c-bd86-64841b7908a3
gregory74,Online Shopping,a8d14e98-1b36-3a62-ac1d-df39aab54a11
tracey75,Online Shopping,233a0d32-7d8e-3890-a16e-60a5fcfb5e1f
teresa71,CricScore,5603129c-c8b3-3496-8445-ea422d916a9e
christian72,CricScore,bfeef351-275d-3974-81c3-9b89734fba6c
donald73,CricScore,9206da3f-753f-3dd6-8df3-3447d701adbc
gregory74,CricScore,3161dfd3-7dc8-3083-80a5-2a45679d30e4
tracey75,CricScore,7e19f490-4a89-3bef-85be-c548205a40a5
jason76,Taxi,9c0a326c-4128-3838-a65a-c417f6a89422
jessica77,Taxi,848ec232-c221-35d7-959b-989a5801b05a
kelly78,Taxi,25537f9e-5f72-3099-9873-a44beb5a124a
bobby79,Taxi,6acfbc15-a1fd-3695-b853-5a2e3287720b
kevin80,Taxi,44cc936a-fa36-390b-9fde-bb54695a6649
heidi81,Taxi,4237f0fc-4769-39d3-970a-7f224899b5b1
cynthia82,Taxi,15184038-e739-3618-b623-a37193eabaa0
johnny83,Taxi,5bb0326b-1d50-3a29-ba29-c8829401c1af
angela84,Taxi,8dd9157d-2d9f-32eb-b45f-b351b67bb49f
victoria85,Taxi,e14adaa8-d672-331c-9ae1-170fcdce8a9f
jill86,Taxi,91523a71-7569-35eb-be2e-a4beb3418c55
william87,Taxi,c926abc3-bbd8-346a-8868-eecfcab78ef5
jennifer88,Taxi,8d7bfd57-bfff-3ed8-93aa-9be3faaf4dd7
jessica89,Taxi,5fa108eb-fb79-32bd-ab87-6769dd6615c4
connor90,Taxi,2291f4f8-de48-32fe-9974-c8036531e728
jason76,CricScore,eb06b44e-07d7-39a8-ac45-fb4db303c6bc
jessica77,CricScore,9310324f-c26d-3e50-94a7-4163fd54654b
kelly78,CricScore,20ecd4f8-9cfb-3494-8f53-64823262e473
bobby79,CricScore,9b13f35f-a44c-3b65-ba7a-828ffdee7ffc
kevin80,CricScore,fd87f619-6a4e-3ce0-b460-4895fb78ed59
heidi81,CricScore,4625998b-c5ba-31c2-80fc-d047e9aa0e75
cynthia82,CricScore,ec034451-caf7-389f-99fb-3a408e060b68
johnny83,CricScore,cbb54c04-08b0-34cf-aefe-070698bcda71
angela84,CricScore,81aaac4c-4b03-373e-a3cb-c83daa70a56f
victoria85,CricScore,23404c4e-db07-3442-aa89-bde19c5e7328
jill86,CricScore,5392d042-edeb-3553-af58-daa93010200a
william87,CricScore,f32d87f9-65a6-3b31-9141-e1f2b5b0fe1e
jennifer88,CricScore,b221b84b-7a1d-37cd-91bf-50a2cc553a99
jessica89,CricScore,8a868551-86a5-3f79-91e8-1692b3f0456d
connor90,CricScore,7a8b9aab-5104-3ff1-b805-93886112afdb
amanda91,Online Shopping,1b2f8daf-378e-3a7c-9f5a-a7f522020bd4
patrick92,Online Shopping,c3dea23b-a341-3a1d-bdd1-02802f2a0684
justin93,Online Shopping,9a696732-25e3-36c7-975d-e3f36277ec6f
allen94,Online Shopping,249d5240-529b-3105-8ea6-f4f4f06f7a38
brian95,Online Shopping,076a322e-ed03-3613-93e6-b67c9892e00e
richard96,Online Shopping,e77f6a12-c160-3ff5-832d-14905e51371f
calvin97,Online Shopping,e5433da1-6c3e-3222-b87a-3ab04b2da674
timothy98,Online Shopping,986a491f-6af5-31d4-bfac-8cf27cbe4ad4
stephen99,Online Shopping,b207180e-ed1e-308b-b100-f65887238edc
christy100,Online Shopping,443d9cce-5427-37da-8e5a-aff01da48f00
amanda91,Taxi,06860a3e-78eb-300e-97eb-c7aefffc87fc
patrick92,Taxi,24423206-dccc-3337-83bf-175c2a799363
justin93,Taxi,042b82d4-3d9d-3a32-9e84-5fa3ba633d8e
allen94,Taxi,f8e04fac-d72a-32ed-9b4e-30dfb301eecf
brian95,Taxi,461c5458-62fb-342c-9fd0-476bac774511
richard96,Taxi,98bf38a4-947c-3e71-8292-74e233c63379
calvin97,Taxi,87155188-20be-3bc8-937d-b7e991e05133
timothy98,Taxi,bbe0815f-69a3-32b4-884c-51718b131530
stephen99,Taxi,cbe4fcc7-bf2e-353e-9db2-fdb3ab5bea7d
christy100,Taxi,29c7a9d4-4a12-3013-8a44-89e9c5902048
amanda91,CricScore,f8ba0f37-0790-37de-b3ba-8f2c9c05f2f8
patrick92,CricScore,76370865-b3f2-3ed4-8577-56cb8412c5cd
justin93,CricScore,242f6a7d-3e4a-3443-a46e-57d299503a8b
allen94,CricScore,5e58864c-4db3-3e27-ad10-621d1f9655f9
brian95,CricScore,8580000f-40f2-3ea1-b929-2c866b0c5d39
richard96,CricScore,80e50a4f-d4a0-31a2-8d72-df94cc665b16
calvin97,CricScore,62a745ba-534e-3b20-b37f-e7b341587748
timothy98,CricScore,c855c5e0-8254-3f70-9567-398888b7425b
stephen99,CricScore,0f69cea5-622d-36f7-ab21-518b4cc66c4b
christy100,CricScore,f7d0fdc5-1e4f-3771-8f3c-4f99b7acee9e
john1,Online Shopping,NOT_FOUND
janice2,Online Shopping,NOT_FOUND
wesley3,Online Shopping,NOT_FOUND
kaitlyn4,Online Shopping,NOT_FOUND
michael5,Online Shopping,NOT_FOUND
chelsea6,Online Shopping,NOT_FOUND
carmen7,Online Shopping,NOT_FOUND
antonio8,Online Shopping,NOT_FOUND
lisa9,Online Shopping,NOT_FOUND
lisa10,Online Shopping,NOT_FOUND
john11,Online Shopping,NOT_FOUND
cheryl12,Online Shopping,NOT_FOUND
sandra13,Online Shopping,NOT_FOUND
derrick14,Online Shopping,NOT_FOUND
luke15,Online Shopping,NOT_FOUND
lisa16,Taxi,NOT_FOUND
kristen17,Taxi,NOT_FOUND
caitlin18,Taxi,NOT_FOUND
april19,Taxi,NOT_FOUND
keith20,Taxi,NOT_FOUND
derrick21,Taxi,NOT_FOUND
victoria22,Taxi,NOT_FOUND
tiffany23,Taxi,NOT_FOUND
whitney24,Taxi,NOT_FOUND
amanda25,Taxi,NOT_FOUND
katrina26,Taxi,NOT_FOUND
sean27,Taxi,NOT_FOUND
anna28,Taxi,NOT_FOUND
rebecca29,Taxi,NOT_FOUND
jason30,Taxi,NOT_FOUND
ryan31,Taxi,NOT_FOUND
jane32,Taxi,NOT_FOUND
joseph33,Taxi,NOT_FOUND
rachel34,Taxi,NOT_FOUND
jennifer35,Taxi,NOT_FOUND
erik36,Taxi,NOT_FOUND
karen37,Taxi,NOT_FOUND
charles38,Taxi,NOT_FOUND
jennifer39,Taxi,NOT_FOUND
alexandra40,Taxi,NOT_FOUND
matthew41,Taxi,NOT_FOUND
rhonda42,Taxi,NOT_FOUND
ryan43,Taxi,NOT_FOUND
robert44,Taxi,NOT_FOUND
dustin45,Taxi,NOT_FOUND
joseph46,Taxi,NOT_FOUND
eric47,Taxi,NOT_FOUND
janet48,Taxi,NOT_FOUND
kristi49,Taxi,NOT_FOUND
christian50,Taxi,NOT_FOUND
jennifer51,CricScore,NOT_FOUND
tina52,CricScore,NOT_FOUND
eric53,CricScore,NOT_FOUND
mary54,CricScore,NOT_FOUND
stephen55,CricScore,NOT_FOUND
andrew56,CricScore,NOT_FOUND
ann57,CricScore,NOT_FOUND
carlos58,CricScore,NOT_FOUND
brett59,CricScore,NOT_FOUND
patricia60,CricScore,NOT_FOUND
jared61,Online Shopping,NOT_FOUND
christina62,Online Shopping,NOT_FOUND
samantha63,Online Shopping,NOT_FOUND
jack64,Online Shopping,NOT_FOUND
karen65,Online Shopping,NOT_FOUND
john66,Online Shopping,NOT_FOUND
eric67,Online Shopping,NOT_FOUND
savannah68,Online Shopping,NOT_FOUND
sarah69,Online Shopping,NOT_FOUND
deborah70,Online Shopping,NOT_FOUND
jared61,Taxi,NOT_FOUND
christina62,Taxi,NOT_FOUND
samantha63,Taxi,NOT_FOUND
jack64,Taxi,NOT_FOUND
karen65,Taxi,NOT_FOUND
john66,Taxi,NOT_FOUND
eric67,Taxi,NOT_FOUND
savannah68,Taxi,NOT_FOUND
sarah69,Taxi,NOT_FOUND
deborah70,Taxi,NOT_FOUND
teresa71,Online Shopping,NOT_FOUND
christian72,Online Shopping,NOT_FOUND
donald73,Online Shopping,NOT_FOUND
gregory74,Online Shopping,NOT_FOUND
tracey75,Online Shopping,NOT_FOUND
teresa71,CricScore,NOT_FOUND
christian72,CricScore,NOT_FOUND
donald73,CricScore,NOT_FOUND
gregory74,CricScore,NOT_FOUND
tracey75,CricScore,NOT_FOUND
jason76,Taxi,NOT_FOUND
jessica77,Taxi,NOT_FOUND
kelly78,Taxi,NOT_FOUND
bobby79,Taxi,NOT_FOUND
kevin80,Taxi,NOT_FOUND
heidi81,Taxi,NOT_FOUND
cynthia82,Taxi,NOT_FOUND
johnny83,Taxi,NOT_FOUND
angela84,Taxi,NOT_FOUND
victoria85,Taxi,NOT_FOUND
jill86,Taxi,NOT_FOUND
william87,Taxi,NOT_FOUND
jennifer88,Taxi,NOT_FOUND
jessica89,Taxi,NOT_FOUND
connor90,Taxi,NOT_FOUND
jason76,CricScore,NOT_FOUND
jessica77,CricScore,NOT_FOUND
kelly78,CricScore,NOT_FOUND
bobby79,CricScore,NOT_FOUND
kevin80,CricScore,NOT_FOUND
heidi81,CricScore,NOT_FOUND
cynthia82,CricScore,NOT_FOUND
johnny83,CricScore,NOT_FOUND
angela84,CricScore,NOT_FOUND
victoria85,CricScore,NOT_FOUND
jill86,CricScore,NOT_FOUND
william87,CricScore,NOT_FOUND
jennifer88,CricScore,NOT_FOUND
jessica89,CricScore,NOT_FOUND
connor90,CricScore,NOT_FOUND
amanda91,Online Shopping,NOT_FOUND
patrick92,Online Shopping,NOT_FOUND
justin93,Online Shopping,NOT_FOUND
allen94,Online Shopping,NOT_FOUND
brian95,Online Shopping,NOT_FOUND
richard96,Online Shopping,NOT_FOUND
calvin97,Online Shopping,NOT_FOUND
timothy98,Online Shopping,NOT_FOUND
stephen99,Online Shopping,NOT_FOUND
christy100,Online Shopping,NOT_FOUND
amanda91,Taxi,NOT_FOUND
patrick92,Taxi,NOT_FOUND
justin93,Taxi,NOT_FOUND
allen94,Taxi,NOT_FOUND
brian95,Taxi,NOT_FOUND
richard96,Taxi,NOT_FOUND
calvin97,Taxi,NOT_FOUND
timothy98,Taxi,NOT_FOUND
stephen99,Taxi,NOT_FOUND
christy100,Taxi,NOT_FOUND
amanda91,CricScore,NOT_FOUND
patrick92,CricScore,NOT_FOUND
justin93,CricScore,NOT_FOUND
allen94,CricScore,NOT_FOUND
brian95,CricScore,NOT_FOUND
richard96,CricScore,NOT_FOUND
calvin97,CricScore,NOT_FOUND
timothy98,CricScore,NOT_FOUND
stephen99,CricScore,NOT_FOUND
christy100,CricScore,NOT_FOUND
