george1,Online Shopping,81822249-d52b-38ff-9463-9ed8767f5b57
amy2,Online Shopping,NOT_FOUND
mary3,Online Shopping,58920409-73ce-3c87-8695-5de566fcd133
jennifer4,Online Shopping,550cdfbe-ff55-3be7-b148-b8b08608ca41
tonya5,Online Shopping,aec621c2-a9a7-3540-a4e5-105155bfcfae
amber6,Online Shopping,baa91c42-61c2-3823-af0d-418be64d8e2a
lisa7,Online Shopping,b0d68a27-c9db-31e2-a494-b8dddd1c12cd
justin8,Online Shopping,3729b2e6-624f-3927-92f7-0402cc2a3db1
shaun9,Online Shopping,4e0a55f0-544d-3bed-a2ba-fd8268ad7216
george10,Online Shopping,04593c85-ff8a-3b71-9892-599671c44092
joseph11,Online Shopping,14f9da8a-d02c-343a-af5c-8cf43f79c272
gregory12,Online Shopping,357f9e6c-5508-39b7-a16c-c7568cbfc0ce
miguel13,Online Shopping,20f5372b-ef02-3584-b8f7-f36b7a153d32
stacey14,Online Shopping,3d1114e3-fc92-3b50-9217-6d06cd0108da
stephanie15,Online Shopping,91a7d4cb-c93d-3a77-a0f7-5c14df2b2ea6
frank16,Taxi,cdd5dd6c-8403-3650-91cd-f7eb91d203d3
kristin17,Taxi,e2e5ae6b-f099-3e40-8b02-db053d9e2829
george18,Taxi,058b3ffa-83b8-3e48-8083-1fb80bf766a5
samantha19,Taxi,ca525a8d-54dc-3730-b2a9-cb43f28762c6
steven20,Taxi,25d9bee5-fd15-3d02-9ef6-0872a0327562
amanda21,Taxi,683e91dc-c455-397d-9dd5-1a87b4596d14
richard22,Taxi,42c31e40-9684-3f4e-94ea-7b557b4bf3cc
cheryl23,Taxi,bf4852e0-ba5c-385c-9c78-98c0cca6c944
nicholas24,Taxi,bf4debc3-b5b9-3a4c-9bde-f5aa7b0ed299
ronald25,Taxi,d35aa395-b641-3da2-a2c9-df41eeb6e909
ethan26,Taxi,c37e656b-8a8b-3595-b20a-7276f7264603
wanda27,Taxi,1cf2ddfe-4b85-30a5-9701-7c882b3585bf
jennifer28,Taxi,ab3ebe49-8d08-3f11-9617-6e4d85bffadc
jennifer29,Taxi,ca47066d-83cd-3ddb-b8a8-b25341805c18
alan30,Taxi,fdfbfc39-a593-326a-8077-225fdd42a7f6
angela31,Taxi,e63a1b8a-f0fa-3ce9-a48f-e8c3f2ed4bc6
megan32,Taxi,78303ad7-f264-3503-a165-d10ebf622bf4
mindy33,Taxi,859c1c04-ede0-3ca0-a3eb-dae1e44c13f2
melissa34,Taxi,83ea2ca7-3ffb-321a-80dd-9ee28e69adf2
dennis35,Taxi,d552885e-6ae2-37e7-bf7a-9d92087f21bb
sandra36,Taxi,4057f092-9241-3b90-8f8f-8a4ffb2360a6
william37,Taxi,169e8881-9dbc-33ab-8fa8-d0599c7c960b
kelly38,Taxi,1f6add20-ebdb-3516-9a33-d4aeca89dfb4
sandra39,Taxi,e37f3e4c-5662-35a5-9055-8ffe60be094b
william40,Taxi,e026bdd2-ee4f-3a73-a451-f476c3a52f59
keith41,Taxi,e4fc5925-4c1e-3012-8bcc-2b25d0b367cd
chris42,Taxi,6b68099e-0268-3dfd-b8ad-ca5f4c33c894
charles43,Taxi,4cfe457e-0f94-3ab1-a592-4aaa29a74e63
scott44,Taxi,0cda08ff-3622-3bb3-ac57-daafeadb9737
brian45,Taxi,b03c8e69-8388-351e-8bff-5a71a4b2bf21
robert46,Taxi,d9384640-562e-318d-9dd4-0997e2ab1259
michelle47,Taxi,e6d3764a-2820-3fc4-b9bd-8ab55f0c1e92
ariana48,Taxi,417b9d5d-eebe-32e5-83a0-b223f138d316
dawn49,Taxi,7020287e-a783-3b2c-b4a8-475c38c29adb
desiree50,Taxi,9c8a32af-ebaa-35a9-b183-9b5401a89351
debra51,CricScore,c97aa413-3924-3607-af32-ec72301236bd
michael52,CricScore,e25a019e-ddfb-348f-b0a0-2bb3722c4077
alan53,CricScore,aefd2be5-f66a-3fed-bf92-689e49e5eeda
steven54,CricScore,b5fc07e1-4c4a-3739-aff9-cdab36d8f417
krista55,CricScore,003022cf-38bb-3135-8a3c-fa06236daa2b
luis56,CricScore,9a87e293-35c7-35cc-b309-aaaeda2c0b82
jordan57,CricScore,7a56361d-dfea-3a7f-b5b2-15f207e4eed8
lisa58,CricScore,6909428f-1290-3c0b-987d-6690833c98dd
frank59,CricScore,1bb180ea-2315-3de9-8819-af4ea57c8d56
rebecca60,CricScore,99423466-f417-3c2b-b295-906f3aea7ab4
kristin61,Online Shopping,e06137a1-a5a1-36c9-aaa0-a2658b41bc1a
christopher62,Online Shopping,73310649-10d7-3f0b-b150-05323e057605
kelly63,Online Shopping,c33c6b90-a81e-3d4e-8eb1-41ee4b977ae6
christina64,Online Shopping,a676c8ab-4b0c-375b-a0a3-fa978d01ebfc
mark65,Online Shopping,95fe07b8-0824-3d57-83d4-0bfcc07210dd
lance66,Online Shopping,9ee301e7-3591-30ea-842d-65128f21bd9b
damon67,Online Shopping,8bb284dd-5542-38cf-b0ea-10b31a7f1079
charles68,Online Shopping,4319aa47-c55b-3866-bfef-9d9c9e090168
paul69,Online Shopping,99540f12-09d4-3953-9e42-dc79f0ee5558
tyler70,Online Shopping,c363f754-0b32-33ff-8e7c-ffaf8339fb68
kristin61,Taxi,02a4c924-777b-3f05-b9ee-7f64519ae87d
christopher62,Taxi,d7f4885f-23ff-350b-938f-1a66fe2b94ed
kelly63,Taxi,27d1213d-5b5a-3d3a-8123-9fd94b1187a0
christina64,Taxi,d83d1c9e-9e85-3652-9d7e-3996ce24c916
mark65,Taxi,814d6c78-c2cb-3d48-b2f3-0e03f7e045a8
lance66,Taxi,c590728b-ab64-3dbb-bc83-a8df7ea420bb
damon67,Taxi,e13e7a0d-e1f6-309d-b3d4-1940f13d10a9
charles68,Taxi,5814a3f7-8c56-3701-bcdd-d186cf4028be
paul69,Taxi,ca159e49-6d8f-3529-b343-7ec783f74cab
tyler70,Taxi,bc368b7d-2701-3bb3-b3b3-185fb5fb0c2d
patricia71,Online Shopping,b9c377e9-b79e-3b5c-a9eb-9f9835510be6
debbie72,Online Shopping,fbe69e6f-1ae6-301f-bf5b-9fde7dda1200
gregory73,Online Shopping,23d45438-71a4-3dff-9928-d9e7420bf4fe
isaac74,Online Shopping,0ba0eee0-1b61-3114-819f-104eb07b299b
troy75,Online Shopping,c02f5125-bbea-3870-9344-22274f552b95
patricia71,CricScore,a99c5c83-ae78-3fed-b993-efc2b2a2e4e0
debbie72,CricScore,e42f819b-c4a2-3148-a0bf-3e5f0ad3e864
gregory73,CricScore,244ad8ed-7f48-3a76-b055-f91377cc832f
isaac74,CricScore,d439ba1c-7f40-3812-91fd-62781a98ff51
troy75,CricScore,5f96e35c-2f0a-3087-a1bd-8a2a6199e5a4
christopher76,Taxi,1e5122f8-9b0a-3d6a-8f45-88ab87218202
taylor77,Taxi,728d791e-afbb-3b00-aa12-0b34b66cc855
maureen78,Taxi,f6c80280-b0d6-3de4-bc70-98f25274144f
rose79,Taxi,75565fa1-1a8f-3269-b67c-639f949a687b
adam80,Taxi,b0a68288-05cb-3447-aa43-d19d0b208064
sarah81,Taxi,adf7a89b-278e-3285-911e-4b882d9a21d8
stephanie82,Taxi,c37bd211-e5ff-3649-9686-f9d024f554d0
jason83,Taxi,79870264-ec01-39c8-9fe0-27f064de8d20
julia84,Taxi,ebfd7fd9-106a-3ed5-9a58-5332fc023c27
james85,Taxi,d7223048-6981-3d11-a0d9-51969864e284
james86,Taxi,eb0a60e3-0ebe-3a9c-a0fd-12ef7e4a64f5
stephanie87,Taxi,67042605-4c77-3f5e-9a74-5d6c0cf96027
lisa88,Taxi,e5dbbcfb-27fc-31e7-a8ba-9adea30fb369
jennifer89,Taxi,ac9230f0-41ba-3f29-9380-6defe9c4b2b6
michelle90,Taxi,31a3d1c6-1b73-3a56-8b2b-eaf49d14a65b
christopher76,CricScore,47d66b38-863a-339c-acd0-ba501da72d78
taylor77,CricScore,01cdc59e-8d30-3c95-8e5a-a44e74118b4a
maureen78,CricScore,61dc3101-49ee-34b2-bd9d-f458fae1719d
rose79,CricScore,62b58c66-025b-3ed9-bf54-e8bb3e32db06
adam80,CricScore,31e46e6b-1e07-3fed-add4-13d0727e58a6
sarah81,CricScore,d742e819-f4da-36e3-adba-9872909091c0
stephanie82,CricScore,4894d7f9-dc1a-39d3-bae8-5fee9e0a2c92
jason83,CricScore,b05a3bb5-2ed5-3d80-89a9-dc66180f892f
julia84,CricScore,f253825a-3d0b-3612-8153-6691a8c5530a
james85,CricScore,369d6e25-e63a-3923-ad38-4f95133e1623
james86,CricScore,8c69d373-b1a8-3f88-be73-3ec2e0c2b8af
stephanie87,CricScore,96e2b69a-c319-3d04-87c1-86835151c4ac
lisa88,CricScore,94286ed1-b2a7-32f3-90d1-49d3737a82b3
jennifer89,CricScore,2baef9c1-3150-3948-b5c2-d3b990c06229
michelle90,CricScore,e541d960-77d0-3b0c-8c1b-2987b0bf42f5
ashley91,Online Shopping,14e7674e-2ae8-34d6-bcd2-6a2167f3e7c7
lisa92,Online Shopping,8e14018c-4440-3c8d-842d-61f11f5e8353
emily93,Online Shopping,d93ba1a4-930d-36c9-ad66-e980d45b9cf1
joshua94,Online Shopping,747d360a-9a15-3066-94bb-99fa4f52101e
amy95,Online Shopping,d2553bca-3c5a-387b-9109-4ecec9a33f6b
megan96,Online Shopping,8b75eb37-4d4c-3a6b-b8b5-6d236681d608
tanya97,Online Shopping,a3cd7490-d765-3e08-b3da-ea8d4833ce76
heather98,Online Shopping,6cadcbff-62fb-3252-bfb2-29336b598aaa
edward99,Online Shopping,65192024-ffc1-3692-9ccf-8d811d301b20
julie100,Online Shopping,72c48206-a51e-3c6b-88dd-4910beac69a9
ashley91,Taxi,eddd832a-331f-3741-943d-fefae8ac87fd
lisa92,Taxi,b0fe2953-691e-3e7c-8942-5ee825ade660
emily93,Taxi,0d7d0889-292c-3824-8629-7bd7df77daf9
joshua94,Taxi,afd6cfe9-1b3f-3d55-b885-cc13ca55df05
amy95,Taxi,c7dd38c6-782f-3c52-85cb-c9d6c2200682
megan96,Taxi,54e3bb07-1d6e-3a45-b8b0-83f3524482fd
tanya97,Taxi,b717dc10-60cc-3c9d-8d14-e88691cc144f
heather98,Taxi,328f2089-6337-39fc-91e2-955722bce954
edward99,Taxi,0b8d8bbf-ae3a-38c9-bfb1-edfa6ca94523
julie100,Taxi,6177af53-6cdc-392f-bd85-8b63bc8a4991
ashley91,CricScore,d2b9a774-b67b-3cd0-b4da-f4c96be2381d
lisa92,CricScore,b6069d82-0206-3eff-a364-8a04b3806094
emily93,CricScore,d63dc4e3-65e5-3fd6-aa13-46230a2b78c8
joshua94,CricScore,f2915181-2b05-3969-a87b-5f77c2a97afd
amy95,CricScore,8d6c189f-362e-3cd6-bacd-dda01bcb99a8
megan96,CricScore,e892c51e-405a-31d8-a8fd-4835119abb74
tanya97,CricScore,63f20e26-f888-32fa-a4f7-e588aad52494
heather98,CricScore,614e0a7a-33af-341b-b557-e552b3fea64b
edward99,CricScore,aea71dac-1828-3c5e-921e-acbd089b8c67
julie100,CricScore,f2db8416-ae57-32a5-90ee-98c17ddd02aa
