john1$$ john1$$ John$$ Kim$$ Ramos, Smith and Lucas$$ Nepal$$ john1@gmail.com$$ 5349829836$$ 001-699-816-4674x0686$$ john1$$ http://iAukwfn.Ukl.com/KbVUCCqS/?gq$$ 
janice2$$ janice2$$ Janice$$ Morton$$ Morgan-Hernandez$$ Northern Mariana Islands$$ janice2@gmail.com$$ (458)254-9991$$ 150-530-1069x35154$$ janice2$$ http://B.zjz.com/NcM/?MEH$$ 
wesley3$$ wesley3$$ Wesley$$ Wright$$ Flores Inc$$ Kenya$$ wesley3@gmail.com$$ (946)859-5610x3185$$ +1-515-875-2365x7826$$ wesley3$$ http://3tct3nqw3.gaJ.com/i_z/?eS9em$$ 
kaitlyn4$$ kaitlyn4$$ Kaitlyn$$ Torres$$ Russell and Sons$$ Chad$$ kaitlyn4@gmail.com$$ 6001977693$$ +1-789-127-6098x62465$$ kaitlyn4$$ http://53Iz1x-.kjR.com/g/?PB$$ 
michael5$$ michael5$$ Michael$$ French$$ Thomas, Cook and Bass$$ Estonia$$ michael5@gmail.com$$ 599-487-7596x585$$ 001-778-707-9678$$ michael5$$ http://6m1a.hyp.com/J/?6Wo$$ 
chelsea6$$ chelsea6$$ Chelsea$$ Williams$$ Brooks Inc$$ Andorra$$ chelsea6@gmail.com$$ 3726521071$$ +1-319-330-3002x67529$$ chelsea6$$ http://10zG4GB6h.exm.com/DHlA/?mic93ot3sy$$ 
carmen7$$ carmen7$$ Carmen$$ Hall$$ Wiley-Colon$$ Benin$$ carmen7@gmail.com$$ 571.102.0689x7478$$ (003)654-8935x174$$ carmen7$$ http://Nv.qKu.com/k/?SCFQ$$ 
antonio8$$ antonio8$$ Antonio$$ Rivera$$ Carson, Walker and Young$$ Spain$$ antonio8@gmail.com$$ 541-772-7520x86318$$ 567.569.3191x40408$$ antonio8$$ http://ePUwgtO.wFD.com/Xa0/?5yu-EwnhBd$$ 
lisa9$$ lisa9$$ Lisa$$ Patterson$$ Hernandez-Jackson$$ Mauritania$$ lisa9@gmail.com$$ 007-053-4803$$ 997-104-0761x253$$ lisa9$$ http://HO3LJ-N2YQ.eUH.com/I7xCiRP6j_/?Wmmsk$$ 
lisa10$$ lisa10$$ Lisa$$ Porter$$ King, Kelley and Arellano$$ Timor-Leste$$ lisa10@gmail.com$$ 001-200-787-9985x0629$$ 963.057.2957x544$$ lisa10$$ http://M66DLkzQA.IjA.com/FF1KC/?vKJ$$ 
john11$$ john11$$ John$$ Gonzalez$$ Ortiz, Torres and Harvey$$ Netherlands$$ john11@gmail.com$$ 001-492-677-1876x63237$$ 475-793-8186x276$$ john11$$ http://JBHHfzlsoO.ccR.com/n5GxN7N/?ss$$ 
cheryl12$$ cheryl12$$ Cheryl$$ Munoz$$ Adams-Matthews$$ Macedonia$$ cheryl12@gmail.com$$ 793-832-7092$$ 001-285-834-9698x244$$ cheryl12$$ http://vWnd.gnm.com/hX/?TQZ6gUpf$$ 
sandra13$$ sandra13$$ Sandra$$ Freeman$$ Shannon Ltd$$ Japan$$ sandra13@gmail.com$$ 9357104174$$ +1-961-332-8769x1847$$ sandra13$$ http://n.HuT.com/Q3r5E/?quy$$ 
derrick14$$ derrick14$$ Derrick$$ Smith$$ Roman-Jackson$$ Anguilla$$ derrick14@gmail.com$$ +1-992-822-9385x608$$ 718-093-3687$$ derrick14$$ http://tUf05.gDL.com/CINT.UNdGq/?JI$$ 
luke15$$ luke15$$ Luke$$ Newman$$ Gonzalez-Hill$$ Australia$$ luke15@gmail.com$$ (955)326-3230x74150$$ 001-333-890-5025x49764$$ luke15$$ http://BP.idM.com/oj6_dqD3M~/?Cwmm$$ 
lisa16$$ lisa16$$ Lisa$$ Jenkins$$ Reynolds-Rice$$ Dominican Republic$$ lisa16@gmail.com$$ 994.022.0944x5609$$ (890)179-8171$$ lisa16$$ http://k.DDR.com/j/?7ZE$$ 
kristen17$$ kristen17$$ Kristen$$ Thomas$$ Patterson, Hurst and King$$ Saint Kitts and Nevis$$ kristen17@gmail.com$$ +1-457-317-3853x783$$ 268.990.9591$$ kristen17$$ http://4FCC.YRR.com/wtpkk4._/?dwFyu$$ 
caitlin18$$ caitlin18$$ Caitlin$$ Allen$$ Sosa, Solomon and Love$$ Colombia$$ caitlin18@gmail.com$$ (693)194-2750x9683$$ 001-574-453-9246$$ caitlin18$$ http://Dmk9ba68.AsV.com/O3/?4cfwo0D$$ 
april19$$ april19$$ April$$ Pierce$$ Holmes-Moreno$$ Saint Helena$$ april19@gmail.com$$ (037)957-8869$$ 929-032-5258$$ april19$$ http://Oih2mD.dnQ.com/J4SeYZsfi3/?G_cumE00E$$ 
keith20$$ keith20$$ Keith$$ Gomez$$ Evans, Hill and Davis$$ Australia$$ keith20@gmail.com$$ 001-082-552-4929x563$$ 653.798.2478$$ keith20$$ http://A4.QMc.com/7iFuDI76/?s$$ 
derrick21$$ derrick21$$ Derrick$$ Weber$$ Bishop-Ray$$ Somalia$$ derrick21@gmail.com$$ 476.915.8818x842$$ 628.074.7091$$ derrick21$$ http://E30isw.IkQ.com/OkDCQPb6Re/?E5yUfXfE$$ 
victoria22$$ victoria22$$ Victoria$$ Gillespie$$ Thornton-Campbell$$ Reunion$$ victoria22@gmail.com$$ +1-576-317-5583x7275$$ 001-064-551-5080x57295$$ victoria22$$ http://2yZW.eRB.com/-d5methX/?y_oRy9ekUe$$ 
tiffany23$$ tiffany23$$ Tiffany$$ Bolton$$ Williams PLC$$ Malaysia$$ tiffany23@gmail.com$$ (416)761-0668$$ 001-345-731-1048x13338$$ tiffany23$$ http://HJ.ywg.com/egBO/?_T0YFHAy0$$ 
whitney24$$ whitney24$$ Whitney$$ Ball$$ Berry-Dennis$$ Cayman Islands$$ whitney24@gmail.com$$ (152)799-4173x5706$$ 001-645-242-2036x7090$$ whitney24$$ http://8oXMhO3A1.YvA.com/_GXIAAZRxx/?QV3$$ 
amanda25$$ amanda25$$ Amanda$$ Rivera$$ Harris Inc$$ Wallis and Futuna$$ amanda25@gmail.com$$ 050-854-2708x0874$$ 4143226668$$ amanda25$$ http://RvI4y.hVk.com/Slbrd_T/?PK24D$$ 
katrina26$$ katrina26$$ Katrina$$ Love$$ Phillips-Erickson$$ Jersey$$ katrina26@gmail.com$$ +1-396-759-7994x535$$ 001-239-070-7434x7295$$ katrina26$$ http://4Mvr.SWP.com/KVD8/?VSf3mllR$$ 
sean27$$ sean27$$ Sean$$ Olsen$$ Johnson-Jackson$$ United States of America$$ sean27@gmail.com$$ 341-802-2791x6819$$ 001-337-650-3813x79225$$ sean27$$ http://e7uc.irJ.com/-.pRe17/?L2qggNkC$$ 
anna28$$ anna28$$ Anna$$ Baxter$$ Tyler, Kelly and Suarez$$ Turkey$$ anna28@gmail.com$$ 930.377.7709x947$$ 730-562-6246$$ anna28$$ http://jB4rHtPyC3.OLn.com/pEcn/?jBW2F~$$ 
rebecca29$$ rebecca29$$ Rebecca$$ Nicholson$$ Garcia-Russell$$ Heard Island and McDonald Islands$$ rebecca29@gmail.com$$ 001-273-544-1450x044$$ 136-531-6332x33310$$ rebecca29$$ http://Qc.BAu.com/DhOr3qwW~s/?WnCM$$ 
jason30$$ jason30$$ Jason$$ Roberts$$ Dixon, Bennett and Marshall$$ Honduras$$ jason30@gmail.com$$ 776.765.4338x60193$$ (925)897-7234x4954$$ jason30$$ http://LOb.YNM.com/wgI/?G$$ 
ryan31$$ ryan31$$ Ryan$$ Schneider$$ Johnson and Sons$$ Anguilla$$ ryan31@gmail.com$$ 001-889-851-6855$$ 566.024.9247x2803$$ ryan31$$ http://EhHgr.kYN.com/7JcSK/?yYYP56Mg$$ 
jane32$$ jane32$$ Jane$$ Livingston$$ Cooper-Lee$$ Guinea-Bissau$$ jane32@gmail.com$$ +1-577-865-6393$$ 238-092-9771x62976$$ jane32$$ http://A3k3f9o.kKK.com/G9t/?6Gse$$ 
joseph33$$ joseph33$$ Joseph$$ Caldwell$$ Cole-Chen$$ Korea$$ joseph33@gmail.com$$ +1-226-812-9477x381$$ +1-027-856-5086x011$$ joseph33$$ http://JYHz8Id.YyF.com/oqmW5/?H8$$ 
rachel34$$ rachel34$$ Rachel$$ Morris$$ James-Mosley$$ India$$ rachel34@gmail.com$$ +1-234-477-3869x087$$ (094)011-6688x27178$$ rachel34$$ http://Tklq4detxp.aND.com/L~kBUxRV3/?hG$$ 
jennifer35$$ jennifer35$$ Jennifer$$ Baldwin$$ Smith LLC$$ Hungary$$ jennifer35@gmail.com$$ 001-499-368-6326x593$$ (801)009-4419$$ jennifer35$$ http://0kz1Si2.eIx.com/-wyL/?fmA9qZZoxZ$$ 
erik36$$ erik36$$ Erik$$ Frazier$$ Boone-Anderson$$ Paraguay$$ erik36@gmail.com$$ 090.376.2877x6533$$ (939)140-3454$$ erik36$$ http://o5aid.vbG.com/xB/?UEUiQ$$ 
karen37$$ karen37$$ Karen$$ Daniels$$ Ortiz, Cole and Park$$ Afghanistan$$ karen37@gmail.com$$ +1-552-906-0916x4109$$ 818-432-2225$$ karen37$$ http://W.NoQ.com/7azKD8xzxO/?3O75RO_$$ 
charles38$$ charles38$$ Charles$$ Bryan$$ Robbins Ltd$$ Barbados$$ charles38@gmail.com$$ +1-222-348-4759$$ (361)465-8372x4019$$ charles38$$ http://gnImE.RgC.com/QWMCD/?j$$ 
jennifer39$$ jennifer39$$ Jennifer$$ Alexander$$ Villanueva-Williamson$$ Qatar$$ jennifer39@gmail.com$$ 010-136-1270$$ 628-854-2306$$ jennifer39$$ http://LgXe.oUC.com/fLkUsyaQ/?s6DFlGSw$$ 
alexandra40$$ alexandra40$$ Alexandra$$ Hoffman$$ Stevens-Bell$$ Cyprus$$ alexandra40@gmail.com$$ (287)921-6151x4682$$ +1-999-924-6694x8833$$ alexandra40$$ http://AS.ann.com/.1/?H.wArPOaFi$$ 
matthew41$$ matthew41$$ Matthew$$ Finley$$ Cisneros, Buckley and George$$ British Indian Ocean Territory (Chagos Archipelago)$$ matthew41@gmail.com$$ 762.238.9427$$ 968.497.0416x10956$$ matthew41$$ http://3iFlBbG.HLi.com/TYz6svQXR2/?3vr$$ 
rhonda42$$ rhonda42$$ Rhonda$$ Coleman$$ Gay, Williams and Chapman$$ American Samoa$$ rhonda42@gmail.com$$ +1-004-616-5144x214$$ +1-957-348-9882x61920$$ rhonda42$$ http://IxH1Nd7.lZJ.com/a/?XBx$$ 
ryan43$$ ryan43$$ Ryan$$ Taylor$$ Hamilton-Powers$$ Peru$$ ryan43@gmail.com$$ (313)861-0953x25665$$ 6148071719$$ ryan43$$ http://X1j-bLf.lbN.com/4W4/?MHWwZJ$$ 
robert44$$ robert44$$ Robert$$ Lopez$$ Harper and Sons$$ Micronesia$$ robert44@gmail.com$$ 2944634913$$ 001-433-881-7553x52584$$ robert44$$ http://t.cfG.com/mF/?d~nR$$ 
dustin45$$ dustin45$$ Dustin$$ Flowers$$ Crawford Inc$$ Azerbaijan$$ dustin45@gmail.com$$ +1-480-129-5591$$ 167-446-9745x4113$$ dustin45$$ http://EX.RlI.com/cReb/?myl$$ 
joseph46$$ joseph46$$ Joseph$$ Duncan$$ Bailey-Estrada$$ Angola$$ joseph46@gmail.com$$ 001-192-976-0706x51742$$ 860.785.1733x34468$$ joseph46$$ http://3.YEN.com/jp/?uzgJGtu$$ 
eric47$$ eric47$$ Eric$$ Walker$$ Livingston and Sons$$ Madagascar$$ eric47@gmail.com$$ (860)580-5261x0368$$ 010.927.0974$$ eric47$$ http://s5zBnyVDd.cpl.com/c/?DJSGzh$$ 
janet48$$ janet48$$ Janet$$ Alvarado$$ Reynolds-Castillo$$ Ecuador$$ janet48@gmail.com$$ 8456555548$$ 001-051-468-7292$$ janet48$$ http://UCU.Spk.com/.i/?GIUKnEj$$ 
kristi49$$ kristi49$$ Kristi$$ Hines$$ Mcdonald LLC$$ Kiribati$$ kristi49@gmail.com$$ +1-001-484-3698x40979$$ 222.051.0297$$ kristi49$$ http://OfrmTgxv.svc.com/HmKoGYYE/?-vu$$ 
christian50$$ christian50$$ Christian$$ Owens$$ Bailey Group$$ Namibia$$ christian50@gmail.com$$ +1-502-875-8601x64582$$ (673)739-9586x296$$ christian50$$ http://iMK.ZOo.com/.hhKfwn-v/?j7R6Dr$$ 
jennifer51$$ jennifer51$$ Jennifer$$ Daniels$$ Lee Group$$ Cyprus$$ jennifer51@gmail.com$$ 424.994.0602x7717$$ +1-016-322-2196$$ jennifer51$$ http://2QS0FNFM.TDl.com/~oSgsUF6uL/?oTZ0$$ 
tina52$$ tina52$$ Tina$$ Wilkerson$$ Peters-Johnson$$ Niue$$ tina52@gmail.com$$ +1-858-043-4233x92294$$ 229.509.7806$$ tina52$$ http://pLFLNn.ROm.com/olF-iqAR/?S.Em-IQ$$ 
eric53$$ eric53$$ Eric$$ Guzman$$ Peterson-Dyer$$ Estonia$$ eric53@gmail.com$$ 391.812.2149x316$$ 936-764-2426$$ eric53$$ http://9w.dqv.com/6/?CNOm$$ 
mary54$$ mary54$$ Mary$$ Hoover$$ Rivera, Thompson and Ruiz$$ Guinea-Bissau$$ mary54@gmail.com$$ 001-774-288-4335x457$$ 001-056-122-6106x699$$ mary54$$ http://evqEn.bHL.com/uEpL9DBVt-/?Q$$ 
stephen55$$ stephen55$$ Stephen$$ Anderson$$ Gonzalez and Sons$$ Turks and Caicos Islands$$ stephen55@gmail.com$$ 236-284-0163x30581$$ +1-200-307-0015$$ stephen55$$ http://QfhCCBcQ3.MvH.com/WRL/?~Nc7$$ 
andrew56$$ andrew56$$ Andrew$$ Lowe$$ Williams, Smith and Schmidt$$ Panama$$ andrew56@gmail.com$$ 001-122-382-5886x9877$$ +1-285-600-5165x0424$$ andrew56$$ http://c41-.BhN.com/zKkTB/?KjmW3m_$$ 
ann57$$ ann57$$ Ann$$ Meza$$ Lewis, Bruce and Barber$$ Northern Mariana Islands$$ ann57@gmail.com$$ (943)240-4036$$ 015.071.4408$$ ann57$$ http://A1jFoq.faQ.com/D0Nx6/?1N_~V$$ 
carlos58$$ carlos58$$ Carlos$$ Burnett$$ Ortiz-Brennan$$ Christmas Island$$ carlos58@gmail.com$$ 986-750-0261$$ (171)668-0421$$ carlos58$$ http://yiyaQpjHv.rqt.com/ZOX/?kgHlIqr0$$ 
brett59$$ brett59$$ Brett$$ Porter$$ Williamson PLC$$ Western Sahara$$ brett59@gmail.com$$ 984-976-0829x94675$$ 001-308-434-2330x657$$ brett59$$ http://ID1qVoB6pW.uvP.com/p~MUn37Z/?w.pVt6qaq$$ 
patricia60$$ patricia60$$ Patricia$$ West$$ Howard, Brooks and Stone$$ San Marino$$ patricia60@gmail.com$$ 397.522.9937x723$$ 889-337-6067$$ patricia60$$ http://dob.fhX.com/_LyOd31eIF/?hxfOE$$ 
jared61$$ jared61$$ Jared$$ Mcdonald$$ Cox, Martinez and Castro$$ Mexico$$ jared61@gmail.com$$ 001-262-535-8005x74091$$ (416)637-1792$$ jared61$$ http://7iZHrb27Fq.Hqx.com/T-U5-/?eKiiFlz.~o$$ 
christina62$$ christina62$$ Christina$$ Hall$$ Sanchez-Brown$$ Maldives$$ christina62@gmail.com$$ 919-510-2341x603$$ 358.163.9701x0070$$ christina62$$ http://9mD2.Zqo.com/k8df2~k/?EBnXTc$$ 
samantha63$$ samantha63$$ Samantha$$ Hurst$$ Smith-Miller$$ Latvia$$ samantha63@gmail.com$$ 001-777-549-4820x50363$$ (125)614-6607x218$$ samantha63$$ http://r0oy.ZiI.com/abKGLXa/?PKTie$$ 
jack64$$ jack64$$ Jack$$ Garrett$$ Holloway, Cline and Peterson$$ Hungary$$ jack64@gmail.com$$ 001-008-692-2912x52336$$ +1-674-111-0214x7837$$ jack64$$ http://t3W.coS.com/7/?vDwKsASfV$$ 
karen65$$ karen65$$ Karen$$ Murphy$$ Griffith-Obrien$$ Tajikistan$$ karen65@gmail.com$$ 6846843447$$ 114-521-3350x158$$ karen65$$ http://7QJZGJJ.QoR.com/Gn4Bl/?8$$ 
john66$$ john66$$ John$$ White$$ Myers-Kirby$$ Greenland$$ john66@gmail.com$$ 310-858-8073$$ 738-159-2673$$ john66$$ http://oCz.OUH.com/3Phw/?B_AJRAzWR3$$ 
eric67$$ eric67$$ Eric$$ Snyder$$ Robinson-Sullivan$$ Brazil$$ eric67@gmail.com$$ +1-345-418-4319$$ 076-142-3118x609$$ eric67$$ http://J.OJs.com/S7NZn/?jJ4$$ 
savannah68$$ savannah68$$ Savannah$$ Banks$$ Lewis, Walker and Gonzalez$$ Trinidad and Tobago$$ savannah68@gmail.com$$ (707)656-3400$$ 100-605-6747x226$$ savannah68$$ http://WYQSk9q.ORB.com/1nH/?Yt3tZlG$$ 
sarah69$$ sarah69$$ Sarah$$ Torres$$ Powers and Sons$$ Kazakhstan$$ sarah69@gmail.com$$ 946.278.0427$$ (222)893-3742x968$$ sarah69$$ http://OltJ.hez.com/Gqus5f/?FcPMQqXn$$ 
deborah70$$ deborah70$$ Deborah$$ Garcia$$ Evans-Snyder$$ Oman$$ deborah70@gmail.com$$ 547-660-1683$$ 878-427-0838x08118$$ deborah70$$ http://gl3.NIG.com/4jS391igZF/?P$$ 
teresa71$$ teresa71$$ Teresa$$ Stevens$$ Davis PLC$$ Bosnia and Herzegovina$$ teresa71@gmail.com$$ 567-592-9390$$ +1-458-214-5974x477$$ teresa71$$ http://LB0.IlI.com/CizsycE/?aknY8ofnH$$ 
christian72$$ christian72$$ Christian$$ Johnson$$ Gross-Martinez$$ Cote d'Ivoire$$ christian72@gmail.com$$ 922-951-3679x4705$$ 542-325-9136$$ christian72$$ http://6u.BJX.com/N_z/?R29mArcMzt$$ 
donald73$$ donald73$$ Donald$$ Wells$$ Robbins, Wilson and Mcbride$$ Saint Vincent and the Grenadines$$ donald73@gmail.com$$ +1-219-349-5911x3641$$ 830-595-8508$$ donald73$$ http://ewtCsUPoA-.hZF.com/sqfFxzk/?X$$ 
gregory74$$ gregory74$$ Gregory$$ Barnett$$ Jones Ltd$$ New Zealand$$ gregory74@gmail.com$$ 001-096-036-3777x735$$ 118.821.7057$$ gregory74$$ http://p.wWp.com/EEM7oe~/?WdzCfcFSdE$$ 
tracey75$$ tracey75$$ Tracey$$ Greene$$ Erickson-Eaton$$ Martinique$$ tracey75@gmail.com$$ 688.302.3550$$ 001-491-149-3562x1251$$ tracey75$$ http://bHgk9YU2A.TkX.com/-0kU9/?B$$ 
jason76$$ jason76$$ Jason$$ White$$ Scott-Arroyo$$ Isle of Man$$ jason76@gmail.com$$ 951.066.7357x33011$$ +1-863-586-6979x277$$ jason76$$ http://eo.MgY.com/t/?6.6g4$$ 
jessica77$$ jessica77$$ Jessica$$ Walter$$ Mendoza-Mitchell$$ Liberia$$ jessica77@gmail.com$$ +1-618-516-0084x98101$$ (406)246-7518$$ jessica77$$ http://33Nxj.gli.com/tsQfdKEE/?QUdPWtA8Qm$$ 
kelly78$$ kelly78$$ Kelly$$ Brown$$ Garza, Acevedo and Rodriguez$$ South Georgia and the South Sandwich Islands$$ kelly78@gmail.com$$ 001-804-287-4580x744$$ +1-709-753-3866$$ kelly78$$ http://FPK0sdk.khK.com/1/?Dkb.O$$ 
bobby79$$ bobby79$$ Bobby$$ Nichols$$ Jones-Clark$$ Qatar$$ bobby79@gmail.com$$ (154)032-4965x748$$ 637.162.2723x35558$$ bobby79$$ http://G.Wsk.com/OT8qRoAdm7/?ncV3NcRP$$ 
kevin80$$ kevin80$$ Kevin$$ Mcguire$$ Torres, Rivera and Gutierrez$$ Kiribati$$ kevin80@gmail.com$$ +1-270-015-4451x750$$ 345.937.2850$$ kevin80$$ http://zLRzCL3.mli.com/nMJ/?zajPN$$ 
heidi81$$ heidi81$$ Heidi$$ Boone$$ Henderson, Lang and Rivera$$ Benin$$ heidi81@gmail.com$$ 001-864-800-0654x41351$$ 001-928-125-6169x9541$$ heidi81$$ http://9.AxX.com/hDkx0fLN/?pz9B1NQ$$ 
cynthia82$$ cynthia82$$ Cynthia$$ Frye$$ Snow, Powell and Reynolds$$ Ghana$$ cynthia82@gmail.com$$ (121)823-0742x83746$$ +1-085-874-7331x718$$ cynthia82$$ http://I.gPK.com/O/?mr8$$ 
johnny83$$ johnny83$$ Johnny$$ Hill$$ Wheeler, Hansen and Doyle$$ Taiwan$$ johnny83@gmail.com$$ 001-762-669-8907x4368$$ +1-407-465-0750x22252$$ johnny83$$ http://q-.zGM.com/aAyU-7/?~tm2Ja_p6C$$ 
angela84$$ angela84$$ Angela$$ Davidson$$ Martinez Group$$ Swaziland$$ angela84@gmail.com$$ 188.313.7329$$ (162)499-0694x8323$$ angela84$$ http://zzrbL.OQl.com/4uYQA/?hBWDgo0l0$$ 
victoria85$$ victoria85$$ Victoria$$ Griffin$$ Schultz-Strong$$ Sierra Leone$$ victoria85@gmail.com$$ 162-917-5176$$ (667)021-4415x541$$ victoria85$$ http://Y6.TFm.com/ZjEPz3n/?eKjWP48Ex$$ 
jill86$$ jill86$$ Jill$$ Scott$$ Jackson-David$$ Cocos (Keeling) Islands$$ jill86@gmail.com$$ 454.780.3530x332$$ 961.033.5682x7490$$ jill86$$ http://sp5ciKtsh.GTE.com/x/?Zg9BKq$$ 
william87$$ william87$$ William$$ Petty$$ Park-Brock$$ New Caledonia$$ william87@gmail.com$$ +1-310-891-1860$$ (235)651-2402x9255$$ william87$$ http://Bv.yVw.com/NHOFU6H/?F$$ 
jennifer88$$ jennifer88$$ Jennifer$$ Kim$$ Hayes-Wilkinson$$ Singapore$$ jennifer88@gmail.com$$ 001-022-547-0659$$ +1-903-360-4559x06596$$ jennifer88$$ http://ingXuAjjP.ako.com/0pbtaCDs/?~Pv$$ 
jessica89$$ jessica89$$ Jessica$$ Cox$$ Young-Williams$$ Tonga$$ jessica89@gmail.com$$ (026)662-4110x10906$$ (797)320-9161$$ jessica89$$ http://I.KcT.com/Efaxt9m/?C$$ 
connor90$$ connor90$$ Connor$$ Watson$$ Craig Group$$ Rwanda$$ connor90@gmail.com$$ (929)428-1933$$ (044)006-1214x9232$$ connor90$$ http://lre2-fvr.CXF.com/jQ/?BT$$ 
amanda91$$ amanda91$$ Amanda$$ Olson$$ Jones-Jacobs$$ Slovakia (Slovak Republic)$$ amanda91@gmail.com$$ (385)104-1238$$ +1-557-740-4620$$ amanda91$$ http://YhjXnKL.vKo.com/Rc6y/?5$$ 
patrick92$$ patrick92$$ Patrick$$ Taylor$$ Wilson-Gallegos$$ Portugal$$ patrick92@gmail.com$$ 001-847-502-1277x69963$$ (442)541-9309x765$$ patrick92$$ http://o52Kl1yT1.fhA.com/o/?ODmu2$$ 
justin93$$ justin93$$ Justin$$ Jones$$ Jones, Davis and Rodriguez$$ Reunion$$ justin93@gmail.com$$ 764.932.9799$$ (935)583-0771x0386$$ justin93$$ http://OBJ.fRh.com/RNq/?uef$$ 
allen94$$ allen94$$ Allen$$ Caldwell$$ Ross Group$$ Reunion$$ allen94@gmail.com$$ +1-906-270-1660$$ 514.192.5492x58075$$ allen94$$ http://iWXLiOrr.ijd.com/1.r6-SDE/?lwm$$ 
brian95$$ brian95$$ Brian$$ Moses$$ Holt-Price$$ Cameroon$$ brian95@gmail.com$$ 466.208.8028$$ (476)482-7565x545$$ brian95$$ http://PGo.hgg.com/aJZvw/?Hamdd$$ 
richard96$$ richard96$$ Richard$$ Reed$$ Bauer, Rice and Smith$$ Hungary$$ richard96@gmail.com$$ 470-449-1179x0596$$ 473.035.1987x91655$$ richard96$$ http://JVY4Ne.sSL.com/sUmZ5c1J7/?e$$ 
calvin97$$ calvin97$$ Calvin$$ Prince$$ Nelson, Brandt and Foster$$ Macedonia$$ calvin97@gmail.com$$ 499.721.6280x3606$$ 523.533.4868$$ calvin97$$ http://Ar6bZm0JLY.WKT.com/iJ0/?J9A45.2S$$ 
timothy98$$ timothy98$$ Timothy$$ Thomas$$ Marshall-Walker$$ Jamaica$$ timothy98@gmail.com$$ +1-685-242-5001x230$$ (164)235-1515$$ timothy98$$ http://R95PS-jueJ.Kth.com/s75uZ7KBR/?7$$ 
stephen99$$ stephen99$$ Stephen$$ Fisher$$ Phillips-Bradford$$ Bosnia and Herzegovina$$ stephen99@gmail.com$$ (871)438-1835x84920$$ 102.500.9935$$ stephen99$$ http://IHqX4ZWojF.ZQx.com/vGNKlbO8/?KNo$$ 
christy100$$ christy100$$ Christy$$ Johnson$$ Mccarty-Scott$$ Mongolia$$ christy100@gmail.com$$ 835.653.6859$$ 2504036446$$ christy100$$ http://RuLg3Ve2.LmO.com/wSGL4FK~q/?BhWDxD$$ 
