george1,Online Shopping
amy2,Online Shopping
mary3,Online Shopping
jennifer4,Online Shopping
tonya5,Online Shopping
amber6,Online Shopping
lisa7,Online Shopping
justin8,Online Shopping
shaun9,Online Shopping
george10,Online Shopping
joseph11,Online Shopping
gregory12,Online Shopping
miguel13,Online Shopping
stacey14,Online Shopping
stephanie15,Online Shopping
frank16,Taxi
kristin17,Taxi
george18,Taxi
samantha19,Taxi
steven20,Taxi
amanda21,Taxi
richard22,Taxi
cheryl23,Taxi
nicholas24,Taxi
ronald25,Taxi
ethan26,Taxi
wanda27,Taxi
jennifer28,Taxi
jennifer29,Taxi
alan30,Taxi
angela31,Taxi
megan32,Taxi
mindy33,Taxi
melissa34,Taxi
dennis35,Taxi
sandra36,Taxi
william37,Taxi
kelly38,Taxi
sandra39,Taxi
william40,Taxi
keith41,Taxi
chris42,Taxi
charles43,Taxi
scott44,Taxi
brian45,Taxi
robert46,Taxi
michelle47,Taxi
ariana48,Taxi
dawn49,Taxi
desiree50,Taxi
debra51,CricScore
michael52,CricScore
alan53,CricScore
steven54,CricScore
krista55,CricScore
luis56,CricScore
jordan57,CricScore
lisa58,CricScore
frank59,CricScore
rebecca60,CricScore
kristin61,Online Shopping
christopher62,Online Shopping
kelly63,Online Shopping
christina64,Online Shopping
mark65,Online Shopping
lance66,Online Shopping
damon67,Online Shopping
charles68,Online Shopping
paul69,Online Shopping
tyler70,Online Shopping
kristin61,Taxi
christopher62,Taxi
kelly63,Taxi
christina64,Taxi
mark65,Taxi
lance66,Taxi
damon67,Taxi
charles68,Taxi
paul69,Taxi
tyler70,Taxi
patricia71,Online Shopping
debbie72,Online Shopping
gregory73,Online Shopping
isaac74,Online Shopping
troy75,Online Shopping
patricia71,CricScore
debbie72,CricScore
gregory73,CricScore
isaac74,CricScore
troy75,CricScore
christopher76,Taxi
taylor77,Taxi
maureen78,Taxi
rose79,Taxi
adam80,Taxi
sarah81,Taxi
stephanie82,Taxi
jason83,Taxi
julia84,Taxi
james85,Taxi
james86,Taxi
stephanie87,Taxi
lisa88,Taxi
jennifer89,Taxi
michelle90,Taxi
christopher76,CricScore
taylor77,CricScore
maureen78,CricScore
rose79,CricScore
adam80,CricScore
sarah81,CricScore
stephanie82,CricScore
jason83,CricScore
julia84,CricScore
james85,CricScore
james86,CricScore
stephanie87,CricScore
lisa88,CricScore
jennifer89,CricScore
michelle90,CricScore
ashley91,Online Shopping
lisa92,Online Shopping
emily93,Online Shopping
joshua94,Online Shopping
amy95,Online Shopping
megan96,Online Shopping
tanya97,Online Shopping
heather98,Online Shopping
edward99,Online Shopping
julie100,Online Shopping
ashley91,Taxi
lisa92,Taxi
emily93,Taxi
joshua94,Taxi
amy95,Taxi
megan96,Taxi
tanya97,Taxi
heather98,Taxi
edward99,Taxi
julie100,Taxi
ashley91,CricScore
lisa92,CricScore
emily93,CricScore
joshua94,CricScore
amy95,CricScore
megan96,CricScore
tanya97,CricScore
heather98,CricScore
edward99,CricScore
julie100,CricScore
